{
    "layout": "defaultCapture",
    "score": 18,
    "time": 4.056764841079712,
    "red": {
        "name": "staff_SlugTrap",
        "win": true,
        "tie": false,
        "loss": false,
        "time": 2.1723225116729736,
        "time_warnings": 0,
        "crash": false,
        "timeouts": false
    },
    "blue": {
        "name": "_dummy",
        "win": false,
        "tie": false,
        "loss": true,
        "time": 1.8844423294067383,
        "time_warnings": 0,
        "crash": false,
        "timeouts": false
    }
}
