{
    "layout": "RANDOM1260787754",
    "score": 16,
    "time": 6.324547290802002,
    "red": {
        "name": "staff_SlugTrap",
        "win": true,
        "tie": false,
        "loss": false,
        "time": 3.7022929191589355,
        "time_warnings": 0,
        "crash": false,
        "timeouts": false
    },
    "blue": {
        "name": "_dummy",
        "win": false,
        "tie": false,
        "loss": true,
        "time": 2.6222543716430664,
        "time_warnings": 0,
        "crash": false,
        "timeouts": false
    }
}
