{
    "layout": "RANDOM2222547512",
    "score": 16,
    "time": 5.986364364624023,
    "red": {
        "name": "staff_SlugTrap",
        "win": true,
        "tie": false,
        "loss": false,
        "time": 3.312344789505005,
        "time_warnings": 0,
        "crash": false,
        "timeouts": false
    },
    "blue": {
        "name": "_dummy",
        "win": false,
        "tie": false,
        "loss": true,
        "time": 2.6740195751190186,
        "time_warnings": 0,
        "crash": false,
        "timeouts": false
    }
}
