{
    "layout": "RANDOM134853985",
    "score": 16,
    "time": 5.74094557762146,
    "red": {
        "name": "staff_SlugTrap",
        "win": true,
        "tie": false,
        "loss": false,
        "time": 3.1278598308563232,
        "time_warnings": 0,
        "crash": false,
        "timeouts": false
    },
    "blue": {
        "name": "_dummy",
        "win": false,
        "tie": false,
        "loss": true,
        "time": 2.6130857467651367,
        "time_warnings": 0,
        "crash": false,
        "timeouts": false
    }
}
