{
    "layout": "RANDOM3848060067",
    "score": 17,
    "time": 6.312061309814453,
    "red": {
        "name": "staff_SlugTrap",
        "win": true,
        "tie": false,
        "loss": false,
        "time": 3.5708158016204834,
        "time_warnings": 0,
        "crash": false,
        "timeouts": false
    },
    "blue": {
        "name": "_dummy",
        "win": false,
        "tie": false,
        "loss": true,
        "time": 2.7412455081939697,
        "time_warnings": 0,
        "crash": false,
        "timeouts": false
    }
}
