{
    "layout": "RANDOM3822829412",
    "score": 16,
    "time": 5.779998540878296,
    "red": {
        "name": "staff_SlugTrap",
        "win": true,
        "tie": false,
        "loss": false,
        "time": 2.9919161796569824,
        "time_warnings": 0,
        "crash": false,
        "timeouts": false
    },
    "blue": {
        "name": "_dummy",
        "win": false,
        "tie": false,
        "loss": true,
        "time": 2.7880823612213135,
        "time_warnings": 0,
        "crash": false,
        "timeouts": false
    }
}
