{
    "layout": "defaultCapture",
    "score": 18,
    "time": 3.730803966522217,
    "red": {
        "name": "staff_SlugTrap",
        "win": true,
        "tie": false,
        "loss": false,
        "time": 2.061741828918457,
        "time_warnings": 0,
        "crash": false,
        "timeouts": false
    },
    "blue": {
        "name": "_dummy",
        "win": false,
        "tie": false,
        "loss": true,
        "time": 1.6690621376037598,
        "time_warnings": 0,
        "crash": false,
        "timeouts": false
    }
}
