{
    "layout": "RANDOM3066651045",
    "score": 16,
    "time": 5.918116092681885,
    "red": {
        "name": "staff_SlugTrap",
        "win": true,
        "tie": false,
        "loss": false,
        "time": 3.0783517360687256,
        "time_warnings": 0,
        "crash": false,
        "timeouts": false
    },
    "blue": {
        "name": "_dummy",
        "win": false,
        "tie": false,
        "loss": true,
        "time": 2.839764356613159,
        "time_warnings": 0,
        "crash": false,
        "timeouts": false
    }
}
