{
    "layout": "defaultCapture",
    "score": 18,
    "time": 4.165150165557861,
    "red": {
        "name": "staff_SlugTrap",
        "win": true,
        "tie": false,
        "loss": false,
        "time": 2.4560158252716064,
        "time_warnings": 0,
        "crash": false,
        "timeouts": false
    },
    "blue": {
        "name": "_dummy",
        "win": false,
        "tie": false,
        "loss": true,
        "time": 1.7091343402862549,
        "time_warnings": 0,
        "crash": false,
        "timeouts": false
    }
}
