{
    "layout": "defaultCapture",
    "score": 18,
    "time": 4.110299587249756,
    "red": {
        "name": "staff_SlugTrap",
        "win": true,
        "tie": false,
        "loss": false,
        "time": 2.2383604049682617,
        "time_warnings": 0,
        "crash": false,
        "timeouts": false
    },
    "blue": {
        "name": "_dummy",
        "win": false,
        "tie": false,
        "loss": true,
        "time": 1.8719391822814941,
        "time_warnings": 0,
        "crash": false,
        "timeouts": false
    }
}
