{
    "layout": "RANDOM862768825",
    "score": 16,
    "time": 5.394990682601929,
    "red": {
        "name": "staff_SlugTrap",
        "win": true,
        "tie": false,
        "loss": false,
        "time": 3.0411674976348877,
        "time_warnings": 0,
        "crash": false,
        "timeouts": false
    },
    "blue": {
        "name": "_dummy",
        "win": false,
        "tie": false,
        "loss": true,
        "time": 2.353823184967041,
        "time_warnings": 0,
        "crash": false,
        "timeouts": false
    }
}
