{
    "layout": "defaultCapture",
    "score": 18,
    "time": 3.864302396774292,
    "red": {
        "name": "staff_SlugTrap",
        "win": true,
        "tie": false,
        "loss": false,
        "time": 2.142275094985962,
        "time_warnings": 0,
        "crash": false,
        "timeouts": false
    },
    "blue": {
        "name": "_dummy",
        "win": false,
        "tie": false,
        "loss": true,
        "time": 1.72202730178833,
        "time_warnings": 0,
        "crash": false,
        "timeouts": false
    }
}
