{
    "layout": "RANDOM1314509111",
    "score": 16,
    "time": 34.7856388092041,
    "red": {
        "name": "staff_SomeSlug",
        "win": true,
        "tie": false,
        "loss": false,
        "time": 30.624830961227417,
        "time_warnings": 0,
        "crash": false,
        "timeouts": false
    },
    "blue": {
        "name": "_dummy",
        "win": false,
        "tie": false,
        "loss": true,
        "time": 4.160807847976685,
        "time_warnings": 0,
        "crash": false,
        "timeouts": false
    }
}
