{
    "layout": "RANDOM2028769617",
    "score": 16,
    "time": 23.54094696044922,
    "red": {
        "name": "staff_SomeSlug",
        "win": true,
        "tie": false,
        "loss": false,
        "time": 20.49153232574463,
        "time_warnings": 0,
        "crash": false,
        "timeouts": false
    },
    "blue": {
        "name": "_dummy",
        "win": false,
        "tie": false,
        "loss": true,
        "time": 3.04941463470459,
        "time_warnings": 0,
        "crash": false,
        "timeouts": false
    }
}
