{
    "layout": "RANDOM2195968032",
    "score": 16,
    "time": 31.248615026474,
    "red": {
        "name": "staff_SomeSlug",
        "win": true,
        "tie": false,
        "loss": false,
        "time": 28.509851217269897,
        "time_warnings": 0,
        "crash": false,
        "timeouts": false
    },
    "blue": {
        "name": "_dummy",
        "win": false,
        "tie": false,
        "loss": true,
        "time": 2.7387638092041016,
        "time_warnings": 0,
        "crash": false,
        "timeouts": false
    }
}
