{
    "layout": "RANDOM304813775",
    "score": 16,
    "time": 32.68341827392578,
    "red": {
        "name": "staff_SomeSlug",
        "win": true,
        "tie": false,
        "loss": false,
        "time": 28.9440016746521,
        "time_warnings": 0,
        "crash": false,
        "timeouts": false
    },
    "blue": {
        "name": "_dummy",
        "win": false,
        "tie": false,
        "loss": true,
        "time": 3.7394165992736816,
        "time_warnings": 0,
        "crash": false,
        "timeouts": false
    }
}
