{
    "layout": "RANDOM192263272",
    "score": 16,
    "time": 20.034144401550293,
    "red": {
        "name": "staff_SomeSlug",
        "win": true,
        "tie": false,
        "loss": false,
        "time": 17.820928812026978,
        "time_warnings": 0,
        "crash": false,
        "timeouts": false
    },
    "blue": {
        "name": "_dummy",
        "win": false,
        "tie": false,
        "loss": true,
        "time": 2.2132155895233154,
        "time_warnings": 0,
        "crash": false,
        "timeouts": false
    }
}
