{
    "layout": "defaultCapture",
    "score": 18,
    "time": 26.37545371055603,
    "red": {
        "name": "staff_SomeSlug",
        "win": true,
        "tie": false,
        "loss": false,
        "time": 24.36558961868286,
        "time_warnings": 0,
        "crash": false,
        "timeouts": false
    },
    "blue": {
        "name": "_dummy",
        "win": false,
        "tie": false,
        "loss": true,
        "time": 2.009864091873169,
        "time_warnings": 0,
        "crash": false,
        "timeouts": false
    }
}
