{
    "layout": "defaultCapture",
    "score": 18,
    "time": 17.066267490386963,
    "red": {
        "name": "staff_SomeSlug",
        "win": true,
        "tie": false,
        "loss": false,
        "time": 15.876515865325928,
        "time_warnings": 0,
        "crash": false,
        "timeouts": false
    },
    "blue": {
        "name": "_dummy",
        "win": false,
        "tie": false,
        "loss": true,
        "time": 1.1897516250610352,
        "time_warnings": 0,
        "crash": false,
        "timeouts": false
    }
}
