{
    "layout": "RANDOM2607874627",
    "score": 16,
    "time": 42.29694366455078,
    "red": {
        "name": "staff_SomeSlug",
        "win": true,
        "tie": false,
        "loss": false,
        "time": 39.22950482368469,
        "time_warnings": 0,
        "crash": false,
        "timeouts": false
    },
    "blue": {
        "name": "_dummy",
        "win": false,
        "tie": false,
        "loss": true,
        "time": 3.067438840866089,
        "time_warnings": 0,
        "crash": false,
        "timeouts": false
    }
}
