{
    "layout": "RANDOM1044322761",
    "score": 16,
    "time": 24.9106183052063,
    "red": {
        "name": "staff_SomeSlug",
        "win": true,
        "tie": false,
        "loss": false,
        "time": 21.756786823272705,
        "time_warnings": 0,
        "crash": false,
        "timeouts": false
    },
    "blue": {
        "name": "_dummy",
        "win": false,
        "tie": false,
        "loss": true,
        "time": 3.1538314819335938,
        "time_warnings": 0,
        "crash": false,
        "timeouts": false
    }
}
