{
    "layout": "defaultCapture",
    "score": -1,
    "time": 3.5683891773223877,
    "red": {
        "name": "staff_SlugBrain",
        "win": false,
        "tie": false,
        "loss": true,
        "time": 1.6965186595916748,
        "time_warnings": 0,
        "crash": false,
        "timeouts": false
    },
    "blue": {
        "name": "staff_SlugTrap",
        "win": true,
        "tie": false,
        "loss": false,
        "time": 1.871870517730713,
        "time_warnings": 0,
        "crash": false,
        "timeouts": false
    }
}
