{
    "layout": "RANDOM3699943757",
    "score": -1,
    "time": 9.013388395309448,
    "red": {
        "name": "staff_SlugBrain",
        "win": false,
        "tie": false,
        "loss": true,
        "time": 4.674955368041992,
        "time_warnings": 0,
        "crash": false,
        "timeouts": false
    },
    "blue": {
        "name": "staff_SlugTrap",
        "win": true,
        "tie": false,
        "loss": false,
        "time": 4.338433027267456,
        "time_warnings": 0,
        "crash": false,
        "timeouts": false
    }
}
