{
    "layout": "RANDOM1815344630",
    "score": -1,
    "time": 8.12107515335083,
    "red": {
        "name": "staff_SlugBrain",
        "win": false,
        "tie": false,
        "loss": true,
        "time": 3.736661672592163,
        "time_warnings": 0,
        "crash": false,
        "timeouts": false
    },
    "blue": {
        "name": "staff_SlugTrap",
        "win": true,
        "tie": false,
        "loss": false,
        "time": 4.384413480758667,
        "time_warnings": 0,
        "crash": false,
        "timeouts": false
    }
}
