{
    "layout": "RANDOM131622327",
    "score": -1,
    "time": 17.20705533027649,
    "red": {
        "name": "staff_SlugBrain",
        "win": false,
        "tie": false,
        "loss": true,
        "time": 6.353902339935303,
        "time_warnings": 0,
        "crash": false,
        "timeouts": false
    },
    "blue": {
        "name": "staff_SlugTrap",
        "win": true,
        "tie": false,
        "loss": false,
        "time": 10.853152990341187,
        "time_warnings": 0,
        "crash": false,
        "timeouts": false
    }
}
