{
    "layout": "defaultCapture",
    "score": 1,
    "time": 3.7824251651763916,
    "red": {
        "name": "staff_SlugBrain",
        "win": true,
        "tie": false,
        "loss": false,
        "time": 1.9065842628479004,
        "time_warnings": 0,
        "crash": false,
        "timeouts": false
    },
    "blue": {
        "name": "staff_SlugTrap",
        "win": false,
        "tie": false,
        "loss": true,
        "time": 1.8758409023284912,
        "time_warnings": 0,
        "crash": false,
        "timeouts": false
    }
}
