{
    "layout": "RANDOM1664061491",
    "score": -16,
    "time": 6.717196941375732,
    "red": {
        "name": "_dummy",
        "win": false,
        "tie": false,
        "loss": true,
        "time": 3.0984623432159424,
        "time_warnings": 0,
        "crash": false,
        "timeouts": false
    },
    "blue": {
        "name": "staff_SlugTrap",
        "win": true,
        "tie": false,
        "loss": false,
        "time": 3.61873459815979,
        "time_warnings": 0,
        "crash": false,
        "timeouts": false
    }
}
