{
    "layout": "RANDOM2397310868",
    "score": -16,
    "time": 6.49788761138916,
    "red": {
        "name": "_dummy",
        "win": false,
        "tie": false,
        "loss": true,
        "time": 3.1190855503082275,
        "time_warnings": 0,
        "crash": false,
        "timeouts": false
    },
    "blue": {
        "name": "staff_SlugTrap",
        "win": true,
        "tie": false,
        "loss": false,
        "time": 3.3788020610809326,
        "time_warnings": 0,
        "crash": false,
        "timeouts": false
    }
}
