{
    "layout": "defaultCapture",
    "score": -18,
    "time": 3.7623746395111084,
    "red": {
        "name": "_dummy",
        "win": false,
        "tie": false,
        "loss": true,
        "time": 1.7799854278564453,
        "time_warnings": 0,
        "crash": false,
        "timeouts": false
    },
    "blue": {
        "name": "staff_SlugTrap",
        "win": true,
        "tie": false,
        "loss": false,
        "time": 1.982389211654663,
        "time_warnings": 0,
        "crash": false,
        "timeouts": false
    }
}
