{
    "layout": "defaultCapture",
    "score": -18,
    "time": 3.693281888961792,
    "red": {
        "name": "_dummy",
        "win": false,
        "tie": false,
        "loss": true,
        "time": 1.6645174026489258,
        "time_warnings": 0,
        "crash": false,
        "timeouts": false
    },
    "blue": {
        "name": "staff_SlugTrap",
        "win": true,
        "tie": false,
        "loss": false,
        "time": 2.028764486312866,
        "time_warnings": 0,
        "crash": false,
        "timeouts": false
    }
}
