{
    "layout": "RANDOM3642534589",
    "score": -16,
    "time": 6.675814867019653,
    "red": {
        "name": "_dummy",
        "win": false,
        "tie": false,
        "loss": true,
        "time": 3.21403169631958,
        "time_warnings": 0,
        "crash": false,
        "timeouts": false
    },
    "blue": {
        "name": "staff_SlugTrap",
        "win": true,
        "tie": false,
        "loss": false,
        "time": 3.4617831707000732,
        "time_warnings": 0,
        "crash": false,
        "timeouts": false
    }
}
