{
    "layout": "RANDOM2893982519",
    "score": -16,
    "time": 4.901256561279297,
    "red": {
        "name": "_dummy",
        "win": false,
        "tie": false,
        "loss": true,
        "time": 2.2234790325164795,
        "time_warnings": 0,
        "crash": false,
        "timeouts": false
    },
    "blue": {
        "name": "staff_SlugTrap",
        "win": true,
        "tie": false,
        "loss": false,
        "time": 2.6777775287628174,
        "time_warnings": 0,
        "crash": false,
        "timeouts": false
    }
}
