{
    "layout": "RANDOM1955664154",
    "score": -16,
    "time": 5.69494104385376,
    "red": {
        "name": "_dummy",
        "win": false,
        "tie": false,
        "loss": true,
        "time": 2.6052653789520264,
        "time_warnings": 0,
        "crash": false,
        "timeouts": false
    },
    "blue": {
        "name": "staff_SlugTrap",
        "win": true,
        "tie": false,
        "loss": false,
        "time": 3.0896756649017334,
        "time_warnings": 0,
        "crash": false,
        "timeouts": false
    }
}
