{
    "layout": "defaultCapture",
    "score": -18,
    "time": 3.9212234020233154,
    "red": {
        "name": "_dummy",
        "win": false,
        "tie": false,
        "loss": true,
        "time": 1.8683106899261475,
        "time_warnings": 0,
        "crash": false,
        "timeouts": false
    },
    "blue": {
        "name": "staff_SlugTrap",
        "win": true,
        "tie": false,
        "loss": false,
        "time": 2.052912712097168,
        "time_warnings": 0,
        "crash": false,
        "timeouts": false
    }
}
