{
    "layout": "defaultCapture",
    "score": -18,
    "time": 3.876936435699463,
    "red": {
        "name": "_dummy",
        "win": false,
        "tie": false,
        "loss": true,
        "time": 1.522834300994873,
        "time_warnings": 0,
        "crash": false,
        "timeouts": false
    },
    "blue": {
        "name": "staff_SlugTrap",
        "win": true,
        "tie": false,
        "loss": false,
        "time": 2.35410213470459,
        "time_warnings": 0,
        "crash": false,
        "timeouts": false
    }
}
