{
    "layout": "RANDOM1303421164",
    "score": -16,
    "time": 5.840743064880371,
    "red": {
        "name": "_dummy",
        "win": false,
        "tie": false,
        "loss": true,
        "time": 2.689399003982544,
        "time_warnings": 0,
        "crash": false,
        "timeouts": false
    },
    "blue": {
        "name": "staff_SlugTrap",
        "win": true,
        "tie": false,
        "loss": false,
        "time": 3.151344060897827,
        "time_warnings": 0,
        "crash": false,
        "timeouts": false
    }
}
