{
    "layout": "RANDOM2596375075",
    "score": -16,
    "time": 5.4529900550842285,
    "red": {
        "name": "_dummy",
        "win": false,
        "tie": false,
        "loss": true,
        "time": 2.398394823074341,
        "time_warnings": 0,
        "crash": false,
        "timeouts": false
    },
    "blue": {
        "name": "staff_SlugTrap",
        "win": true,
        "tie": false,
        "loss": false,
        "time": 3.0545952320098877,
        "time_warnings": 0,
        "crash": false,
        "timeouts": false
    }
}
