{
    "layout": "defaultCapture",
    "score": -18,
    "time": 4.007998943328857,
    "red": {
        "name": "_dummy",
        "win": false,
        "tie": false,
        "loss": true,
        "time": 1.871324062347412,
        "time_warnings": 0,
        "crash": false,
        "timeouts": false
    },
    "blue": {
        "name": "staff_SlugTrap",
        "win": true,
        "tie": false,
        "loss": false,
        "time": 2.1366748809814453,
        "time_warnings": 0,
        "crash": false,
        "timeouts": false
    }
}
