{
    "layout": "RANDOM2067074912",
    "score": -16,
    "time": 6.020849943161011,
    "red": {
        "name": "_dummy",
        "win": false,
        "tie": false,
        "loss": true,
        "time": 2.8852076530456543,
        "time_warnings": 0,
        "crash": false,
        "timeouts": false
    },
    "blue": {
        "name": "staff_SlugTrap",
        "win": true,
        "tie": false,
        "loss": false,
        "time": 3.1356422901153564,
        "time_warnings": 0,
        "crash": false,
        "timeouts": false
    }
}
