{
    "layout": "RANDOM141635363",
    "score": -16,
    "time": 9.171627521514893,
    "red": {
        "name": "_dummy",
        "win": false,
        "tie": false,
        "loss": true,
        "time": 4.727057933807373,
        "time_warnings": 0,
        "crash": false,
        "timeouts": false
    },
    "blue": {
        "name": "staff_SlugTrap",
        "win": true,
        "tie": false,
        "loss": false,
        "time": 4.4445695877075195,
        "time_warnings": 0,
        "crash": false,
        "timeouts": false
    }
}
