{
    "layout": "defaultCapture",
    "score": -18,
    "time": 23.252564191818237,
    "red": {
        "name": "_dummy",
        "win": false,
        "tie": false,
        "loss": true,
        "time": 1.6386537551879883,
        "time_warnings": 0,
        "crash": false,
        "timeouts": false
    },
    "blue": {
        "name": "staff_SomeSlug",
        "win": true,
        "tie": false,
        "loss": false,
        "time": 21.61391043663025,
        "time_warnings": 0,
        "crash": false,
        "timeouts": false
    }
}
