{
    "layout": "RANDOM3938895082",
    "score": -16,
    "time": 20.311111450195312,
    "red": {
        "name": "_dummy",
        "win": false,
        "tie": false,
        "loss": true,
        "time": 2.601442813873291,
        "time_warnings": 0,
        "crash": false,
        "timeouts": false
    },
    "blue": {
        "name": "staff_SomeSlug",
        "win": true,
        "tie": false,
        "loss": false,
        "time": 17.70966863632202,
        "time_warnings": 0,
        "crash": false,
        "timeouts": false
    }
}
