{
    "layout": "RANDOM2758678957",
    "score": -16,
    "time": 26.310312509536743,
    "red": {
        "name": "_dummy",
        "win": false,
        "tie": false,
        "loss": true,
        "time": 3.21769118309021,
        "time_warnings": 0,
        "crash": false,
        "timeouts": false
    },
    "blue": {
        "name": "staff_SomeSlug",
        "win": true,
        "tie": false,
        "loss": false,
        "time": 23.092621326446533,
        "time_warnings": 0,
        "crash": false,
        "timeouts": false
    }
}
