{
    "layout": "defaultCapture",
    "score": -18,
    "time": 20.521066904067993,
    "red": {
        "name": "_dummy",
        "win": false,
        "tie": false,
        "loss": true,
        "time": 1.4373033046722412,
        "time_warnings": 0,
        "crash": false,
        "timeouts": false
    },
    "blue": {
        "name": "staff_SomeSlug",
        "win": true,
        "tie": false,
        "loss": false,
        "time": 19.083763599395752,
        "time_warnings": 0,
        "crash": false,
        "timeouts": false
    }
}
