{
    "layout": "RANDOM3742290250",
    "score": -16,
    "time": 19.901909112930298,
    "red": {
        "name": "_dummy",
        "win": false,
        "tie": false,
        "loss": true,
        "time": 1.8617510795593262,
        "time_warnings": 0,
        "crash": false,
        "timeouts": false
    },
    "blue": {
        "name": "staff_SomeSlug",
        "win": true,
        "tie": false,
        "loss": false,
        "time": 18.04015803337097,
        "time_warnings": 0,
        "crash": false,
        "timeouts": false
    }
}
