{
    "layout": "RANDOM3178070035",
    "score": -16,
    "time": 26.53819441795349,
    "red": {
        "name": "_dummy",
        "win": false,
        "tie": false,
        "loss": true,
        "time": 2.2869606018066406,
        "time_warnings": 0,
        "crash": false,
        "timeouts": false
    },
    "blue": {
        "name": "staff_SomeSlug",
        "win": true,
        "tie": false,
        "loss": false,
        "time": 24.25123381614685,
        "time_warnings": 0,
        "crash": false,
        "timeouts": false
    }
}
