{
    "layout": "RANDOM1046287491",
    "score": -16,
    "time": 36.38910388946533,
    "red": {
        "name": "_dummy",
        "win": false,
        "tie": false,
        "loss": true,
        "time": 5.094860553741455,
        "time_warnings": 0,
        "crash": false,
        "timeouts": false
    },
    "blue": {
        "name": "staff_SomeSlug",
        "win": true,
        "tie": false,
        "loss": false,
        "time": 31.294243335723877,
        "time_warnings": 0,
        "crash": false,
        "timeouts": false
    }
}
