{
    "layout": "RANDOM3335135832",
    "score": -16,
    "time": 29.042984008789062,
    "red": {
        "name": "_dummy",
        "win": false,
        "tie": false,
        "loss": true,
        "time": 3.6128575801849365,
        "time_warnings": 0,
        "crash": false,
        "timeouts": false
    },
    "blue": {
        "name": "staff_SomeSlug",
        "win": true,
        "tie": false,
        "loss": false,
        "time": 25.430126428604126,
        "time_warnings": 0,
        "crash": false,
        "timeouts": false
    }
}
