{
    "layout": "defaultCapture",
    "score": -18,
    "time": 34.89760375022888,
    "red": {
        "name": "_dummy",
        "win": false,
        "tie": false,
        "loss": true,
        "time": 1.620542287826538,
        "time_warnings": 0,
        "crash": false,
        "timeouts": false
    },
    "blue": {
        "name": "staff_SomeSlug",
        "win": true,
        "tie": false,
        "loss": false,
        "time": 33.277061462402344,
        "time_warnings": 0,
        "crash": false,
        "timeouts": false
    }
}
