{
    "layout": "RANDOM3513703345",
    "score": -16,
    "time": 32.232502937316895,
    "red": {
        "name": "_dummy",
        "win": false,
        "tie": false,
        "loss": true,
        "time": 3.51499342918396,
        "time_warnings": 0,
        "crash": false,
        "timeouts": false
    },
    "blue": {
        "name": "staff_SomeSlug",
        "win": true,
        "tie": false,
        "loss": false,
        "time": 28.717509508132935,
        "time_warnings": 0,
        "crash": false,
        "timeouts": false
    }
}
