{
    "layout": "RANDOM2505649719",
    "score": -17,
    "time": 25.159486055374146,
    "red": {
        "name": "_dummy",
        "win": false,
        "tie": false,
        "loss": true,
        "time": 2.442643404006958,
        "time_warnings": 0,
        "crash": false,
        "timeouts": false
    },
    "blue": {
        "name": "staff_SomeSlug",
        "win": true,
        "tie": false,
        "loss": false,
        "time": 22.716842651367188,
        "time_warnings": 0,
        "crash": false,
        "timeouts": false
    }
}
