{
    "layout": "defaultCapture",
    "score": -18,
    "time": 24.925907373428345,
    "red": {
        "name": "_dummy",
        "win": false,
        "tie": false,
        "loss": true,
        "time": 2.026587724685669,
        "time_warnings": 0,
        "crash": false,
        "timeouts": false
    },
    "blue": {
        "name": "staff_SomeSlug",
        "win": true,
        "tie": false,
        "loss": false,
        "time": 22.899319648742676,
        "time_warnings": 0,
        "crash": false,
        "timeouts": false
    }
}
