{
    "layout": "RANDOM1400352077",
    "score": -16,
    "time": 24.821797132492065,
    "red": {
        "name": "_dummy",
        "win": false,
        "tie": false,
        "loss": true,
        "time": 3.1133413314819336,
        "time_warnings": 0,
        "crash": false,
        "timeouts": false
    },
    "blue": {
        "name": "staff_SomeSlug",
        "win": true,
        "tie": false,
        "loss": false,
        "time": 21.708455801010132,
        "time_warnings": 0,
        "crash": false,
        "timeouts": false
    }
}
