{
    "layout": "defaultCapture",
    "score": 10,
    "time": 3.7735743522644043,
    "red": {
        "name": "staff_SlugBrain",
        "win": true,
        "tie": false,
        "loss": false,
        "time": 1.9538264274597168,
        "time_warnings": 0,
        "crash": false,
        "timeouts": false
    },
    "blue": {
        "name": "_baseline",
        "win": false,
        "tie": false,
        "loss": true,
        "time": 1.8197479248046875,
        "time_warnings": 0,
        "crash": false,
        "timeouts": false
    }
}
