{
    "layout": "RANDOM3876872898",
    "score": -3,
    "time": 7.128385543823242,
    "red": {
        "name": "staff_SlugBrain",
        "win": false,
        "tie": false,
        "loss": true,
        "time": 3.848712682723999,
        "time_warnings": 0,
        "crash": false,
        "timeouts": false
    },
    "blue": {
        "name": "_baseline",
        "win": true,
        "tie": false,
        "loss": false,
        "time": 3.279672861099243,
        "time_warnings": 0,
        "crash": false,
        "timeouts": false
    }
}
