{
    "layout": "RANDOM943461558",
    "score": -13,
    "time": 8.424506187438965,
    "red": {
        "name": "staff_SlugBrain",
        "win": false,
        "tie": false,
        "loss": true,
        "time": 4.255150079727173,
        "time_warnings": 0,
        "crash": false,
        "timeouts": false
    },
    "blue": {
        "name": "_baseline",
        "win": true,
        "tie": false,
        "loss": false,
        "time": 4.169356107711792,
        "time_warnings": 0,
        "crash": false,
        "timeouts": false
    }
}
