{
    "layout": "RANDOM654981465",
    "score": -9,
    "time": 7.357411623001099,
    "red": {
        "name": "staff_SlugBrain",
        "win": false,
        "tie": false,
        "loss": true,
        "time": 3.9938979148864746,
        "time_warnings": 0,
        "crash": false,
        "timeouts": false
    },
    "blue": {
        "name": "_baseline",
        "win": true,
        "tie": false,
        "loss": false,
        "time": 3.363513708114624,
        "time_warnings": 0,
        "crash": false,
        "timeouts": false
    }
}
