{
    "layout": "defaultCapture",
    "score": -3,
    "time": 3.485764741897583,
    "red": {
        "name": "staff_SlugBrain",
        "win": false,
        "tie": false,
        "loss": true,
        "time": 1.980748176574707,
        "time_warnings": 0,
        "crash": false,
        "timeouts": false
    },
    "blue": {
        "name": "_baseline",
        "win": true,
        "tie": false,
        "loss": false,
        "time": 1.505016565322876,
        "time_warnings": 0,
        "crash": false,
        "timeouts": false
    }
}
