{
    "layout": "defaultCapture",
    "score": -1,
    "time": 3.4214391708374023,
    "red": {
        "name": "staff_SlugBrain",
        "win": false,
        "tie": false,
        "loss": true,
        "time": 1.9538898468017578,
        "time_warnings": 0,
        "crash": false,
        "timeouts": false
    },
    "blue": {
        "name": "_baseline",
        "win": true,
        "tie": false,
        "loss": false,
        "time": 1.4675493240356445,
        "time_warnings": 0,
        "crash": false,
        "timeouts": false
    }
}
