{
    "layout": "RANDOM225165115",
    "score": 4,
    "time": 7.857065916061401,
    "red": {
        "name": "staff_SlugBrain",
        "win": true,
        "tie": false,
        "loss": false,
        "time": 3.851579427719116,
        "time_warnings": 0,
        "crash": false,
        "timeouts": false
    },
    "blue": {
        "name": "_baseline",
        "win": false,
        "tie": false,
        "loss": true,
        "time": 4.005486488342285,
        "time_warnings": 0,
        "crash": false,
        "timeouts": false
    }
}
