{
    "layout": "defaultCapture",
    "score": 1,
    "time": 3.214777708053589,
    "red": {
        "name": "staff_SlugBrain",
        "win": true,
        "tie": false,
        "loss": false,
        "time": 1.859910249710083,
        "time_warnings": 0,
        "crash": false,
        "timeouts": false
    },
    "blue": {
        "name": "_baseline",
        "win": false,
        "tie": false,
        "loss": true,
        "time": 1.3548674583435059,
        "time_warnings": 0,
        "crash": false,
        "timeouts": false
    }
}
