{
    "layout": "RANDOM130496984",
    "score": 4,
    "time": 8.346179962158203,
    "red": {
        "name": "staff_SlugBrain",
        "win": true,
        "tie": false,
        "loss": false,
        "time": 4.5487754344940186,
        "time_warnings": 0,
        "crash": false,
        "timeouts": false
    },
    "blue": {
        "name": "_baseline",
        "win": false,
        "tie": false,
        "loss": true,
        "time": 3.7974045276641846,
        "time_warnings": 0,
        "crash": false,
        "timeouts": false
    }
}
