{
    "layout": "defaultCapture",
    "score": 18,
    "time": 2.957200765609741,
    "red": {
        "name": "staff_SlugBrain",
        "win": true,
        "tie": false,
        "loss": false,
        "time": 1.6600453853607178,
        "time_warnings": 0,
        "crash": false,
        "timeouts": false
    },
    "blue": {
        "name": "_dummy",
        "win": false,
        "tie": false,
        "loss": true,
        "time": 1.2971553802490234,
        "time_warnings": 0,
        "crash": false,
        "timeouts": false
    }
}
