{
    "layout": "RANDOM499442983",
    "score": 20,
    "time": 5.216106176376343,
    "red": {
        "name": "staff_SlugBrain",
        "win": true,
        "tie": false,
        "loss": false,
        "time": 3.3712878227233887,
        "time_warnings": 0,
        "crash": false,
        "timeouts": false
    },
    "blue": {
        "name": "_dummy",
        "win": false,
        "tie": false,
        "loss": true,
        "time": 1.844818353652954,
        "time_warnings": 0,
        "crash": false,
        "timeouts": false
    }
}
