{
    "layout": "RANDOM90421852",
    "score": 16,
    "time": 7.124557256698608,
    "red": {
        "name": "staff_SlugBrain",
        "win": true,
        "tie": false,
        "loss": false,
        "time": 3.606231689453125,
        "time_warnings": 0,
        "crash": false,
        "timeouts": false
    },
    "blue": {
        "name": "_dummy",
        "win": false,
        "tie": false,
        "loss": true,
        "time": 3.5183255672454834,
        "time_warnings": 0,
        "crash": false,
        "timeouts": false
    }
}
