{
    "layout": "defaultCapture",
    "score": 18,
    "time": 3.0375447273254395,
    "red": {
        "name": "staff_SlugBrain",
        "win": true,
        "tie": false,
        "loss": false,
        "time": 1.7688872814178467,
        "time_warnings": 0,
        "crash": false,
        "timeouts": false
    },
    "blue": {
        "name": "_dummy",
        "win": false,
        "tie": false,
        "loss": true,
        "time": 1.2686574459075928,
        "time_warnings": 0,
        "crash": false,
        "timeouts": false
    }
}
