{
    "layout": "defaultCapture",
    "score": 18,
    "time": 3.260009288787842,
    "red": {
        "name": "staff_SlugBrain",
        "win": true,
        "tie": false,
        "loss": false,
        "time": 1.9122626781463623,
        "time_warnings": 0,
        "crash": false,
        "timeouts": false
    },
    "blue": {
        "name": "_dummy",
        "win": false,
        "tie": false,
        "loss": true,
        "time": 1.3477466106414795,
        "time_warnings": 0,
        "crash": false,
        "timeouts": false
    }
}
