{
    "layout": "defaultCapture",
    "score": 18,
    "time": 2.8794138431549072,
    "red": {
        "name": "staff_SlugBrain",
        "win": true,
        "tie": false,
        "loss": false,
        "time": 1.6895835399627686,
        "time_warnings": 0,
        "crash": false,
        "timeouts": false
    },
    "blue": {
        "name": "_dummy",
        "win": false,
        "tie": false,
        "loss": true,
        "time": 1.1898303031921387,
        "time_warnings": 0,
        "crash": false,
        "timeouts": false
    }
}
