{
    "layout": "RANDOM669315095",
    "score": 16,
    "time": 6.7769269943237305,
    "red": {
        "name": "staff_SlugBrain",
        "win": true,
        "tie": false,
        "loss": false,
        "time": 3.9770326614379883,
        "time_warnings": 0,
        "crash": false,
        "timeouts": false
    },
    "blue": {
        "name": "_dummy",
        "win": false,
        "tie": false,
        "loss": true,
        "time": 2.799894332885742,
        "time_warnings": 0,
        "crash": false,
        "timeouts": false
    }
}
