{
    "layout": "RANDOM193274026",
    "score": 16,
    "time": 7.295076608657837,
    "red": {
        "name": "staff_SlugBrain",
        "win": true,
        "tie": false,
        "loss": false,
        "time": 3.76204252243042,
        "time_warnings": 0,
        "crash": false,
        "timeouts": false
    },
    "blue": {
        "name": "_dummy",
        "win": false,
        "tie": false,
        "loss": true,
        "time": 3.533034086227417,
        "time_warnings": 0,
        "crash": false,
        "timeouts": false
    }
}
