{
    "layout": "defaultCapture",
    "score": 18,
    "time": 2.8293442726135254,
    "red": {
        "name": "staff_SlugBrain",
        "win": true,
        "tie": false,
        "loss": false,
        "time": 1.5760271549224854,
        "time_warnings": 0,
        "crash": false,
        "timeouts": false
    },
    "blue": {
        "name": "_dummy",
        "win": false,
        "tie": false,
        "loss": true,
        "time": 1.25331711769104,
        "time_warnings": 0,
        "crash": false,
        "timeouts": false
    }
}
