{
    "layout": "RANDOM1918876510",
    "score": 16,
    "time": 8.143001794815063,
    "red": {
        "name": "staff_SlugBrain",
        "win": true,
        "tie": false,
        "loss": false,
        "time": 4.033548355102539,
        "time_warnings": 0,
        "crash": false,
        "timeouts": false
    },
    "blue": {
        "name": "_dummy",
        "win": false,
        "tie": false,
        "loss": true,
        "time": 4.109453439712524,
        "time_warnings": 0,
        "crash": false,
        "timeouts": false
    }
}
