{
    "layout": "RANDOM3362005824",
    "score": -2,
    "time": 26.648160457611084,
    "red": {
        "name": "staff_SomeSlug",
        "win": false,
        "tie": false,
        "loss": true,
        "time": 24.129029989242554,
        "time_warnings": 0,
        "crash": false,
        "timeouts": false
    },
    "blue": {
        "name": "_baseline",
        "win": true,
        "tie": false,
        "loss": false,
        "time": 2.5191304683685303,
        "time_warnings": 0,
        "crash": false,
        "timeouts": false
    }
}
