{
    "layout": "defaultCapture",
    "score": 6,
    "time": 36.62605547904968,
    "red": {
        "name": "staff_SomeSlug",
        "win": true,
        "tie": false,
        "loss": false,
        "time": 34.666590213775635,
        "time_warnings": 0,
        "crash": false,
        "timeouts": false
    },
    "blue": {
        "name": "_baseline",
        "win": false,
        "tie": false,
        "loss": true,
        "time": 1.9594652652740479,
        "time_warnings": 0,
        "crash": false,
        "timeouts": false
    }
}
