{
    "layout": "defaultCapture",
    "score": 10,
    "time": 43.52250647544861,
    "red": {
        "name": "staff_SomeSlug",
        "win": true,
        "tie": false,
        "loss": false,
        "time": 41.20465564727783,
        "time_warnings": 0,
        "crash": false,
        "timeouts": false
    },
    "blue": {
        "name": "_baseline",
        "win": false,
        "tie": false,
        "loss": true,
        "time": 2.3178508281707764,
        "time_warnings": 0,
        "crash": false,
        "timeouts": false
    }
}
