{
    "layout": "defaultCapture",
    "score": 18,
    "time": 29.802698373794556,
    "red": {
        "name": "staff_SomeSlug",
        "win": true,
        "tie": false,
        "loss": false,
        "time": 26.98664355278015,
        "time_warnings": 0,
        "crash": false,
        "timeouts": false
    },
    "blue": {
        "name": "_baseline",
        "win": false,
        "tie": false,
        "loss": true,
        "time": 2.8160548210144043,
        "time_warnings": 0,
        "crash": false,
        "timeouts": false
    }
}
