{
    "layout": "RANDOM2690053759",
    "score": 5,
    "time": 91.950603723526,
    "red": {
        "name": "staff_SomeSlug",
        "win": true,
        "tie": false,
        "loss": false,
        "time": 87.64530992507935,
        "time_warnings": 0,
        "crash": false,
        "timeouts": false
    },
    "blue": {
        "name": "_baseline",
        "win": false,
        "tie": false,
        "loss": true,
        "time": 4.305293798446655,
        "time_warnings": 0,
        "crash": false,
        "timeouts": false
    }
}
