{
    "layout": "RANDOM1798454293",
    "score": 12,
    "time": 55.452027797698975,
    "red": {
        "name": "staff_SomeSlug",
        "win": true,
        "tie": false,
        "loss": false,
        "time": 53.19275450706482,
        "time_warnings": 0,
        "crash": false,
        "timeouts": false
    },
    "blue": {
        "name": "_baseline",
        "win": false,
        "tie": false,
        "loss": true,
        "time": 2.2592732906341553,
        "time_warnings": 0,
        "crash": false,
        "timeouts": false
    }
}
