{
    "layout": "RANDOM405327414",
    "score": 8,
    "time": 47.650094747543335,
    "red": {
        "name": "staff_SomeSlug",
        "win": true,
        "tie": false,
        "loss": false,
        "time": 43.97237539291382,
        "time_warnings": 0,
        "crash": false,
        "timeouts": false
    },
    "blue": {
        "name": "_baseline",
        "win": false,
        "tie": false,
        "loss": true,
        "time": 3.6777193546295166,
        "time_warnings": 0,
        "crash": false,
        "timeouts": false
    }
}
