{
    "layout": "RANDOM1126072651",
    "score": -4,
    "time": 32.22295165061951,
    "red": {
        "name": "staff_SomeSlug",
        "win": false,
        "tie": false,
        "loss": true,
        "time": 29.988396644592285,
        "time_warnings": 1,
        "crash": false,
        "timeouts": false
    },
    "blue": {
        "name": "_baseline",
        "win": true,
        "tie": false,
        "loss": false,
        "time": 2.2345550060272217,
        "time_warnings": 0,
        "crash": false,
        "timeouts": false
    }
}
