{
    "layout": "defaultCapture",
    "score": 6,
    "time": 37.898033142089844,
    "red": {
        "name": "staff_SomeSlug",
        "win": true,
        "tie": false,
        "loss": false,
        "time": 35.56382155418396,
        "time_warnings": 0,
        "crash": false,
        "timeouts": false
    },
    "blue": {
        "name": "_baseline",
        "win": false,
        "tie": false,
        "loss": true,
        "time": 2.334211587905884,
        "time_warnings": 0,
        "crash": false,
        "timeouts": false
    }
}
