{
    "layout": "RANDOM3048261152",
    "score": 16,
    "time": 35.10208320617676,
    "red": {
        "name": "staff_SomeSlug",
        "win": true,
        "tie": false,
        "loss": false,
        "time": 31.500900745391846,
        "time_warnings": 0,
        "crash": false,
        "timeouts": false
    },
    "blue": {
        "name": "_baseline",
        "win": false,
        "tie": false,
        "loss": true,
        "time": 3.601182460784912,
        "time_warnings": 0,
        "crash": false,
        "timeouts": false
    }
}
