{
    "layout": "RANDOM3044263898",
    "score": 13,
    "time": 26.30815553665161,
    "red": {
        "name": "staff_SomeSlug",
        "win": true,
        "tie": false,
        "loss": false,
        "time": 23.688099145889282,
        "time_warnings": 0,
        "crash": false,
        "timeouts": false
    },
    "blue": {
        "name": "_baseline",
        "win": false,
        "tie": false,
        "loss": true,
        "time": 2.620056390762329,
        "time_warnings": 0,
        "crash": false,
        "timeouts": false
    }
}
