{
    "layout": "RANDOM3108211568",
    "score": 16,
    "time": 5.825913906097412,
    "red": {
        "name": "_teamTA_w17",
        "win": true,
        "tie": false,
        "loss": false,
        "time": 3.1734654903411865,
        "time_warnings": 0,
        "crash": false,
        "timeouts": false
    },
    "blue": {
        "name": "_dummy",
        "win": false,
        "tie": false,
        "loss": true,
        "time": 2.6524484157562256,
        "time_warnings": 0,
        "crash": false,
        "timeouts": false
    }
}
