{
    "layout": "defaultCapture",
    "score": 18,
    "time": 3.718844175338745,
    "red": {
        "name": "_teamTA_w17",
        "win": true,
        "tie": false,
        "loss": false,
        "time": 2.0275158882141113,
        "time_warnings": 0,
        "crash": false,
        "timeouts": false
    },
    "blue": {
        "name": "_dummy",
        "win": false,
        "tie": false,
        "loss": true,
        "time": 1.6913282871246338,
        "time_warnings": 0,
        "crash": false,
        "timeouts": false
    }
}
