{
    "layout": "RANDOM292493931",
    "score": 16,
    "time": 6.097681760787964,
    "red": {
        "name": "_teamTA_w17",
        "win": true,
        "tie": false,
        "loss": false,
        "time": 3.3006536960601807,
        "time_warnings": 0,
        "crash": false,
        "timeouts": false
    },
    "blue": {
        "name": "_dummy",
        "win": false,
        "tie": false,
        "loss": true,
        "time": 2.797028064727783,
        "time_warnings": 0,
        "crash": false,
        "timeouts": false
    }
}
