{
    "layout": "RANDOM487553460",
    "score": 16,
    "time": 6.450198173522949,
    "red": {
        "name": "_teamTA_w17",
        "win": true,
        "tie": false,
        "loss": false,
        "time": 3.54177188873291,
        "time_warnings": 0,
        "crash": false,
        "timeouts": false
    },
    "blue": {
        "name": "_dummy",
        "win": false,
        "tie": false,
        "loss": true,
        "time": 2.908426284790039,
        "time_warnings": 0,
        "crash": false,
        "timeouts": false
    }
}
