{
    "layout": "defaultCapture",
    "score": 18,
    "time": 4.389373064041138,
    "red": {
        "name": "_teamTA_w17",
        "win": true,
        "tie": false,
        "loss": false,
        "time": 2.2079885005950928,
        "time_warnings": 0,
        "crash": false,
        "timeouts": false
    },
    "blue": {
        "name": "_dummy",
        "win": false,
        "tie": false,
        "loss": true,
        "time": 2.181384563446045,
        "time_warnings": 0,
        "crash": false,
        "timeouts": false
    }
}
