{
    "layout": "defaultCapture",
    "score": 18,
    "time": 3.6612987518310547,
    "red": {
        "name": "_teamTA_w17",
        "win": true,
        "tie": false,
        "loss": false,
        "time": 2.0278778076171875,
        "time_warnings": 0,
        "crash": false,
        "timeouts": false
    },
    "blue": {
        "name": "_dummy",
        "win": false,
        "tie": false,
        "loss": true,
        "time": 1.6334209442138672,
        "time_warnings": 0,
        "crash": false,
        "timeouts": false
    }
}
