{
    "layout": "RANDOM1010096652",
    "score": 16,
    "time": 5.967005968093872,
    "red": {
        "name": "_teamTA_w17",
        "win": true,
        "tie": false,
        "loss": false,
        "time": 3.2718024253845215,
        "time_warnings": 0,
        "crash": false,
        "timeouts": false
    },
    "blue": {
        "name": "_dummy",
        "win": false,
        "tie": false,
        "loss": true,
        "time": 2.6952035427093506,
        "time_warnings": 0,
        "crash": false,
        "timeouts": false
    }
}
