{
    "layout": "defaultCapture",
    "score": 18,
    "time": 5.166375637054443,
    "red": {
        "name": "_teamTA_w17",
        "win": true,
        "tie": false,
        "loss": false,
        "time": 2.7977468967437744,
        "time_warnings": 0,
        "crash": false,
        "timeouts": false
    },
    "blue": {
        "name": "_dummy",
        "win": false,
        "tie": false,
        "loss": true,
        "time": 2.368628740310669,
        "time_warnings": 0,
        "crash": false,
        "timeouts": false
    }
}
