{
    "layout": "RANDOM2870587804",
    "score": 16,
    "time": 6.634540796279907,
    "red": {
        "name": "_teamTA_w17",
        "win": true,
        "tie": false,
        "loss": false,
        "time": 3.663275957107544,
        "time_warnings": 0,
        "crash": false,
        "timeouts": false
    },
    "blue": {
        "name": "_dummy",
        "win": false,
        "tie": false,
        "loss": true,
        "time": 2.9712648391723633,
        "time_warnings": 0,
        "crash": false,
        "timeouts": false
    }
}
