{
    "layout": "RANDOM542232921",
    "score": 16,
    "time": 6.4980974197387695,
    "red": {
        "name": "_teamTA_w17",
        "win": true,
        "tie": false,
        "loss": false,
        "time": 3.6289174556732178,
        "time_warnings": 0,
        "crash": false,
        "timeouts": false
    },
    "blue": {
        "name": "_dummy",
        "win": false,
        "tie": false,
        "loss": true,
        "time": 2.8691799640655518,
        "time_warnings": 0,
        "crash": false,
        "timeouts": false
    }
}
