{
    "layout": "defaultCapture",
    "score": 18,
    "time": 3.8925838470458984,
    "red": {
        "name": "_teamTA_w17",
        "win": true,
        "tie": false,
        "loss": false,
        "time": 2.176518678665161,
        "time_warnings": 0,
        "crash": false,
        "timeouts": false
    },
    "blue": {
        "name": "_dummy",
        "win": false,
        "tie": false,
        "loss": true,
        "time": 1.7160651683807373,
        "time_warnings": 0,
        "crash": false,
        "timeouts": false
    }
}
