{
    "layout": "RANDOM1287982310",
    "score": 1,
    "time": 60.91348934173584,
    "red": {
        "name": "_baseline",
        "win": true,
        "tie": false,
        "loss": false,
        "time": 1.4755222797393799,
        "time_warnings": 0,
        "crash": true,
        "timeouts": false
    },
    "blue": {
        "name": "staff_SomeSlug",
        "win": false,
        "tie": false,
        "loss": true,
        "time": 59.43796706199646,
        "time_warnings": 0,
        "crash": true,
        "timeouts": true
    }
}
