{
    "layout": "defaultCapture",
    "score": -5,
    "time": 49.92702865600586,
    "red": {
        "name": "_baseline",
        "win": false,
        "tie": false,
        "loss": true,
        "time": 1.8078444004058838,
        "time_warnings": 0,
        "crash": false,
        "timeouts": false
    },
    "blue": {
        "name": "staff_SomeSlug",
        "win": true,
        "tie": false,
        "loss": false,
        "time": 48.119184255599976,
        "time_warnings": 0,
        "crash": false,
        "timeouts": false
    }
}
