{
    "layout": "RANDOM3144634535",
    "score": -14,
    "time": 14.91601824760437,
    "red": {
        "name": "_baseline",
        "win": false,
        "tie": false,
        "loss": true,
        "time": 1.130115032196045,
        "time_warnings": 0,
        "crash": false,
        "timeouts": false
    },
    "blue": {
        "name": "staff_SomeSlug",
        "win": true,
        "tie": false,
        "loss": false,
        "time": 13.785903215408325,
        "time_warnings": 0,
        "crash": false,
        "timeouts": false
    }
}
