{
    "layout": "RANDOM710446781",
    "score": -1,
    "time": 33.07708024978638,
    "red": {
        "name": "_baseline",
        "win": false,
        "tie": false,
        "loss": true,
        "time": 2.725785493850708,
        "time_warnings": 0,
        "crash": false,
        "timeouts": false
    },
    "blue": {
        "name": "staff_SomeSlug",
        "win": true,
        "tie": false,
        "loss": false,
        "time": 30.35129475593567,
        "time_warnings": 0,
        "crash": false,
        "timeouts": false
    }
}
