{
    "layout": "RANDOM33665821",
    "score": -4,
    "time": 41.601900577545166,
    "red": {
        "name": "_baseline",
        "win": false,
        "tie": false,
        "loss": true,
        "time": 4.697054147720337,
        "time_warnings": 0,
        "crash": false,
        "timeouts": false
    },
    "blue": {
        "name": "staff_SomeSlug",
        "win": true,
        "tie": false,
        "loss": false,
        "time": 36.90484642982483,
        "time_warnings": 0,
        "crash": false,
        "timeouts": false
    }
}
