{
    "layout": "RANDOM4022220802",
    "score": 2,
    "time": 45.59607148170471,
    "red": {
        "name": "_baseline",
        "win": true,
        "tie": false,
        "loss": false,
        "time": 2.8939571380615234,
        "time_warnings": 0,
        "crash": false,
        "timeouts": false
    },
    "blue": {
        "name": "staff_SomeSlug",
        "win": false,
        "tie": false,
        "loss": true,
        "time": 42.70211434364319,
        "time_warnings": 0,
        "crash": false,
        "timeouts": false
    }
}
