{
    "layout": "RANDOM1336456250",
    "score": -3,
    "time": 16.86518383026123,
    "red": {
        "name": "_baseline",
        "win": false,
        "tie": false,
        "loss": true,
        "time": 1.8742291927337646,
        "time_warnings": 0,
        "crash": false,
        "timeouts": false
    },
    "blue": {
        "name": "staff_SomeSlug",
        "win": true,
        "tie": false,
        "loss": false,
        "time": 14.990954637527466,
        "time_warnings": 0,
        "crash": false,
        "timeouts": false
    }
}
