{
    "layout": "defaultCapture",
    "score": -10,
    "time": 33.325989961624146,
    "red": {
        "name": "_baseline",
        "win": false,
        "tie": false,
        "loss": true,
        "time": 1.7212250232696533,
        "time_warnings": 0,
        "crash": false,
        "timeouts": false
    },
    "blue": {
        "name": "staff_SomeSlug",
        "win": true,
        "tie": false,
        "loss": false,
        "time": 31.604764938354492,
        "time_warnings": 0,
        "crash": false,
        "timeouts": false
    }
}
