{
    "layout": "RANDOM3175277801",
    "score": 4,
    "time": 33.39753198623657,
    "red": {
        "name": "staff_SomeSlug",
        "win": true,
        "tie": false,
        "loss": false,
        "time": 28.5641770362854,
        "time_warnings": 0,
        "crash": false,
        "timeouts": false
    },
    "blue": {
        "name": "_teamTA_w17",
        "win": false,
        "tie": false,
        "loss": true,
        "time": 4.833354949951172,
        "time_warnings": 0,
        "crash": false,
        "timeouts": false
    }
}
