{
    "layout": "defaultCapture",
    "score": 7,
    "time": 20.18720507621765,
    "red": {
        "name": "staff_SomeSlug",
        "win": true,
        "tie": false,
        "loss": false,
        "time": 18.29707169532776,
        "time_warnings": 0,
        "crash": false,
        "timeouts": false
    },
    "blue": {
        "name": "_teamTA_w17",
        "win": false,
        "tie": false,
        "loss": true,
        "time": 1.8901333808898926,
        "time_warnings": 0,
        "crash": false,
        "timeouts": false
    }
}
