{
    "layout": "RANDOM2152263888",
    "score": 7,
    "time": 29.718077182769775,
    "red": {
        "name": "staff_SomeSlug",
        "win": true,
        "tie": false,
        "loss": false,
        "time": 26.34805202484131,
        "time_warnings": 0,
        "crash": false,
        "timeouts": false
    },
    "blue": {
        "name": "_teamTA_w17",
        "win": false,
        "tie": false,
        "loss": true,
        "time": 3.370025157928467,
        "time_warnings": 0,
        "crash": false,
        "timeouts": false
    }
}
