{
    "layout": "defaultCapture",
    "score": 7,
    "time": 19.052995443344116,
    "red": {
        "name": "staff_SomeSlug",
        "win": true,
        "tie": false,
        "loss": false,
        "time": 17.22868776321411,
        "time_warnings": 0,
        "crash": false,
        "timeouts": false
    },
    "blue": {
        "name": "_teamTA_w17",
        "win": false,
        "tie": false,
        "loss": true,
        "time": 1.8243076801300049,
        "time_warnings": 0,
        "crash": false,
        "timeouts": false
    }
}
