{
    "layout": "defaultCapture",
    "score": 7,
    "time": 21.89840292930603,
    "red": {
        "name": "staff_SomeSlug",
        "win": true,
        "tie": false,
        "loss": false,
        "time": 20.123592376708984,
        "time_warnings": 0,
        "crash": false,
        "timeouts": false
    },
    "blue": {
        "name": "_teamTA_w17",
        "win": false,
        "tie": false,
        "loss": true,
        "time": 1.774810552597046,
        "time_warnings": 0,
        "crash": false,
        "timeouts": false
    }
}
