{
    "layout": "defaultCapture",
    "score": -5,
    "time": 20.334038496017456,
    "red": {
        "name": "staff_SomeSlug",
        "win": false,
        "tie": false,
        "loss": true,
        "time": 18.4730167388916,
        "time_warnings": 0,
        "crash": false,
        "timeouts": false
    },
    "blue": {
        "name": "_teamTA_w17",
        "win": true,
        "tie": false,
        "loss": false,
        "time": 1.8610217571258545,
        "time_warnings": 0,
        "crash": false,
        "timeouts": false
    }
}
