{
    "layout": "RANDOM3591707771",
    "score": 2,
    "time": 37.60408043861389,
    "red": {
        "name": "staff_SomeSlug",
        "win": true,
        "tie": false,
        "loss": false,
        "time": 32.6144905090332,
        "time_warnings": 0,
        "crash": false,
        "timeouts": false
    },
    "blue": {
        "name": "_teamTA_w17",
        "win": false,
        "tie": false,
        "loss": true,
        "time": 4.9895899295806885,
        "time_warnings": 0,
        "crash": false,
        "timeouts": false
    }
}
