{
    "layout": "defaultCapture",
    "score": 7,
    "time": 20.157188177108765,
    "red": {
        "name": "staff_SomeSlug",
        "win": true,
        "tie": false,
        "loss": false,
        "time": 18.282683849334717,
        "time_warnings": 0,
        "crash": false,
        "timeouts": false
    },
    "blue": {
        "name": "_teamTA_w17",
        "win": false,
        "tie": false,
        "loss": true,
        "time": 1.8745043277740479,
        "time_warnings": 0,
        "crash": false,
        "timeouts": false
    }
}
