{
    "layout": "RANDOM1192170971",
    "score": -2,
    "time": 6.226750612258911,
    "red": {
        "name": "staff_SlugBrain",
        "win": false,
        "tie": false,
        "loss": true,
        "time": 2.825289011001587,
        "time_warnings": 0,
        "crash": false,
        "timeouts": false
    },
    "blue": {
        "name": "_teamTA_w17",
        "win": true,
        "tie": false,
        "loss": false,
        "time": 3.401461601257324,
        "time_warnings": 0,
        "crash": false,
        "timeouts": false
    }
}
