{
    "layout": "RANDOM3126781746",
    "score": -1,
    "time": 19.91455364227295,
    "red": {
        "name": "staff_SlugBrain",
        "win": false,
        "tie": false,
        "loss": true,
        "time": 5.912088394165039,
        "time_warnings": 0,
        "crash": false,
        "timeouts": false
    },
    "blue": {
        "name": "_teamTA_w17",
        "win": true,
        "tie": false,
        "loss": false,
        "time": 14.00246524810791,
        "time_warnings": 0,
        "crash": false,
        "timeouts": false
    }
}
