{
    "layout": "RANDOM567578626",
    "score": -3,
    "time": 7.299875497817993,
    "red": {
        "name": "staff_SlugBrain",
        "win": false,
        "tie": false,
        "loss": true,
        "time": 3.5332682132720947,
        "time_warnings": 0,
        "crash": false,
        "timeouts": false
    },
    "blue": {
        "name": "_teamTA_w17",
        "win": true,
        "tie": false,
        "loss": false,
        "time": 3.7666072845458984,
        "time_warnings": 0,
        "crash": false,
        "timeouts": false
    }
}
