{
    "layout": "defaultCapture",
    "score": -1,
    "time": 3.738471031188965,
    "red": {
        "name": "staff_SlugBrain",
        "win": false,
        "tie": false,
        "loss": true,
        "time": 1.7606496810913086,
        "time_warnings": 0,
        "crash": false,
        "timeouts": false
    },
    "blue": {
        "name": "_teamTA_w17",
        "win": true,
        "tie": false,
        "loss": false,
        "time": 1.9778213500976562,
        "time_warnings": 0,
        "crash": false,
        "timeouts": false
    }
}
