{
    "layout": "RANDOM478780034",
    "score": -2,
    "time": 9.188049554824829,
    "red": {
        "name": "staff_SlugBrain",
        "win": false,
        "tie": false,
        "loss": true,
        "time": 4.51104736328125,
        "time_warnings": 0,
        "crash": false,
        "timeouts": false
    },
    "blue": {
        "name": "_teamTA_w17",
        "win": true,
        "tie": false,
        "loss": false,
        "time": 4.677002191543579,
        "time_warnings": 0,
        "crash": false,
        "timeouts": false
    }
}
