{
    "layout": "defaultCapture",
    "score": -4,
    "time": 3.5767741203308105,
    "red": {
        "name": "staff_SlugBrain",
        "win": false,
        "tie": false,
        "loss": true,
        "time": 1.5005309581756592,
        "time_warnings": 0,
        "crash": false,
        "timeouts": false
    },
    "blue": {
        "name": "_teamTA_w17",
        "win": true,
        "tie": false,
        "loss": false,
        "time": 2.0762431621551514,
        "time_warnings": 0,
        "crash": false,
        "timeouts": false
    }
}
