{
    "layout": "defaultCapture",
    "score": -2,
    "time": 4.385084390640259,
    "red": {
        "name": "staff_SlugBrain",
        "win": false,
        "tie": false,
        "loss": true,
        "time": 2.282407522201538,
        "time_warnings": 0,
        "crash": false,
        "timeouts": false
    },
    "blue": {
        "name": "_teamTA_w17",
        "win": true,
        "tie": false,
        "loss": false,
        "time": 2.1026768684387207,
        "time_warnings": 0,
        "crash": false,
        "timeouts": false
    }
}
