{
    "layout": "RANDOM3953146783",
    "score": 2,
    "time": 9.36350679397583,
    "red": {
        "name": "staff_SlugBrain",
        "win": true,
        "tie": false,
        "loss": false,
        "time": 4.610353469848633,
        "time_warnings": 0,
        "crash": false,
        "timeouts": false
    },
    "blue": {
        "name": "_teamTA_w17",
        "win": false,
        "tie": false,
        "loss": true,
        "time": 4.753153324127197,
        "time_warnings": 0,
        "crash": false,
        "timeouts": false
    }
}
