{
    "layout": "RANDOM4057437676",
    "score": 2,
    "time": 8.005388736724854,
    "red": {
        "name": "staff_SlugBrain",
        "win": true,
        "tie": false,
        "loss": false,
        "time": 4.356958866119385,
        "time_warnings": 0,
        "crash": false,
        "timeouts": false
    },
    "blue": {
        "name": "_teamTA_w17",
        "win": false,
        "tie": false,
        "loss": true,
        "time": 3.6484298706054688,
        "time_warnings": 0,
        "crash": false,
        "timeouts": false
    }
}
