{
    "layout": "defaultCapture",
    "score": -4,
    "time": 4.098904371261597,
    "red": {
        "name": "staff_SlugBrain",
        "win": false,
        "tie": false,
        "loss": true,
        "time": 1.8582665920257568,
        "time_warnings": 0,
        "crash": false,
        "timeouts": false
    },
    "blue": {
        "name": "_teamTA_w17",
        "win": true,
        "tie": false,
        "loss": false,
        "time": 2.24063777923584,
        "time_warnings": 0,
        "crash": false,
        "timeouts": false
    }
}
