{
    "layout": "defaultCapture",
    "score": 10,
    "time": 20.414897680282593,
    "red": {
        "name": "staff_SomeSlug",
        "win": true,
        "tie": false,
        "loss": false,
        "time": 18.64945960044861,
        "time_warnings": 0,
        "crash": false,
        "timeouts": false
    },
    "blue": {
        "name": "staff_SlugTrap",
        "win": false,
        "tie": false,
        "loss": true,
        "time": 1.7654380798339844,
        "time_warnings": 0,
        "crash": false,
        "timeouts": false
    }
}
