{
    "layout": "RANDOM2190186097",
    "score": 9,
    "time": 22.888799905776978,
    "red": {
        "name": "staff_SomeSlug",
        "win": true,
        "tie": false,
        "loss": false,
        "time": 19.552833080291748,
        "time_warnings": 0,
        "crash": false,
        "timeouts": false
    },
    "blue": {
        "name": "staff_SlugTrap",
        "win": false,
        "tie": false,
        "loss": true,
        "time": 3.3359668254852295,
        "time_warnings": 0,
        "crash": false,
        "timeouts": false
    }
}
