{
    "layout": "defaultCapture",
    "score": 6,
    "time": 21.365859985351562,
    "red": {
        "name": "staff_SomeSlug",
        "win": true,
        "tie": false,
        "loss": false,
        "time": 19.794570922851562,
        "time_warnings": 0,
        "crash": false,
        "timeouts": false
    },
    "blue": {
        "name": "staff_SlugTrap",
        "win": false,
        "tie": false,
        "loss": true,
        "time": 1.5712890625,
        "time_warnings": 0,
        "crash": false,
        "timeouts": false
    }
}
