{
    "layout": "RANDOM4153010153",
    "score": -1,
    "time": 37.21232509613037,
    "red": {
        "name": "staff_SomeSlug",
        "win": false,
        "tie": false,
        "loss": true,
        "time": 34.044029712677,
        "time_warnings": 0,
        "crash": false,
        "timeouts": false
    },
    "blue": {
        "name": "staff_SlugTrap",
        "win": true,
        "tie": false,
        "loss": false,
        "time": 3.168295383453369,
        "time_warnings": 0,
        "crash": false,
        "timeouts": false
    }
}
