{
    "layout": "defaultCapture",
    "score": 6,
    "time": 23.695934295654297,
    "red": {
        "name": "staff_SomeSlug",
        "win": true,
        "tie": false,
        "loss": false,
        "time": 21.457414150238037,
        "time_warnings": 0,
        "crash": false,
        "timeouts": false
    },
    "blue": {
        "name": "staff_SlugTrap",
        "win": false,
        "tie": false,
        "loss": true,
        "time": 2.2385201454162598,
        "time_warnings": 0,
        "crash": false,
        "timeouts": false
    }
}
