{
    "layout": "RANDOM3710048707",
    "score": 16,
    "time": 42.059672832489014,
    "red": {
        "name": "staff_SomeSlug",
        "win": true,
        "tie": false,
        "loss": false,
        "time": 38.385687589645386,
        "time_warnings": 0,
        "crash": false,
        "timeouts": false
    },
    "blue": {
        "name": "staff_SlugTrap",
        "win": false,
        "tie": false,
        "loss": true,
        "time": 3.673985242843628,
        "time_warnings": 0,
        "crash": false,
        "timeouts": false
    }
}
