{
    "layout": "RANDOM3902703086",
    "score": 3,
    "time": 7.875146389007568,
    "red": {
        "name": "staff_SlugTrap",
        "win": true,
        "tie": false,
        "loss": false,
        "time": 3.8735461235046387,
        "time_warnings": 0,
        "crash": false,
        "timeouts": false
    },
    "blue": {
        "name": "_teamTA_w17",
        "win": false,
        "tie": false,
        "loss": true,
        "time": 4.00160026550293,
        "time_warnings": 0,
        "crash": false,
        "timeouts": false
    }
}
