{
    "layout": "defaultCapture",
    "score": -1,
    "time": 4.645419120788574,
    "red": {
        "name": "staff_SlugTrap",
        "win": false,
        "tie": false,
        "loss": true,
        "time": 2.258699417114258,
        "time_warnings": 0,
        "crash": false,
        "timeouts": false
    },
    "blue": {
        "name": "_teamTA_w17",
        "win": true,
        "tie": false,
        "loss": false,
        "time": 2.3867197036743164,
        "time_warnings": 0,
        "crash": false,
        "timeouts": false
    }
}
