{
    "layout": "defaultCapture",
    "score": 1,
    "time": 4.39225697517395,
    "red": {
        "name": "staff_SlugTrap",
        "win": true,
        "tie": false,
        "loss": false,
        "time": 2.179654121398926,
        "time_warnings": 0,
        "crash": false,
        "timeouts": false
    },
    "blue": {
        "name": "_teamTA_w17",
        "win": false,
        "tie": false,
        "loss": true,
        "time": 2.2126028537750244,
        "time_warnings": 0,
        "crash": false,
        "timeouts": false
    }
}
