{
    "layout": "RANDOM4072497100",
    "score": -2,
    "time": 9.513885259628296,
    "red": {
        "name": "staff_SlugTrap",
        "win": false,
        "tie": false,
        "loss": true,
        "time": 4.3340699672698975,
        "time_warnings": 0,
        "crash": false,
        "timeouts": false
    },
    "blue": {
        "name": "_teamTA_w17",
        "win": true,
        "tie": false,
        "loss": false,
        "time": 5.179815292358398,
        "time_warnings": 0,
        "crash": false,
        "timeouts": false
    }
}
