{
    "layout": "RANDOM301015253",
    "score": -2,
    "time": 9.666456699371338,
    "red": {
        "name": "staff_SlugTrap",
        "win": false,
        "tie": false,
        "loss": true,
        "time": 4.920994520187378,
        "time_warnings": 0,
        "crash": false,
        "timeouts": false
    },
    "blue": {
        "name": "_teamTA_w17",
        "win": true,
        "tie": false,
        "loss": false,
        "time": 4.74546217918396,
        "time_warnings": 0,
        "crash": false,
        "timeouts": false
    }
}
