{
    "layout": "defaultCapture",
    "score": 1,
    "time": 4.596233367919922,
    "red": {
        "name": "staff_SlugTrap",
        "win": true,
        "tie": false,
        "loss": false,
        "time": 2.228649616241455,
        "time_warnings": 0,
        "crash": false,
        "timeouts": false
    },
    "blue": {
        "name": "_teamTA_w17",
        "win": false,
        "tie": false,
        "loss": true,
        "time": 2.367583751678467,
        "time_warnings": 0,
        "crash": false,
        "timeouts": false
    }
}
