{
    "layout": "defaultCapture",
    "score": -1,
    "time": 5.727346420288086,
    "red": {
        "name": "staff_SlugTrap",
        "win": false,
        "tie": false,
        "loss": true,
        "time": 2.9557321071624756,
        "time_warnings": 0,
        "crash": false,
        "timeouts": false
    },
    "blue": {
        "name": "_teamTA_w17",
        "win": true,
        "tie": false,
        "loss": false,
        "time": 2.7716143131256104,
        "time_warnings": 0,
        "crash": false,
        "timeouts": false
    }
}
