{
    "layout": "RANDOM2288930359",
    "score": -1,
    "time": 8.099907159805298,
    "red": {
        "name": "staff_SlugTrap",
        "win": false,
        "tie": false,
        "loss": true,
        "time": 4.1432554721832275,
        "time_warnings": 0,
        "crash": false,
        "timeouts": false
    },
    "blue": {
        "name": "_teamTA_w17",
        "win": true,
        "tie": false,
        "loss": false,
        "time": 3.9566516876220703,
        "time_warnings": 0,
        "crash": false,
        "timeouts": false
    }
}
