{
    "layout": "RANDOM414490378",
    "score": -3,
    "time": 6.537424087524414,
    "red": {
        "name": "staff_SlugTrap",
        "win": false,
        "tie": false,
        "loss": true,
        "time": 3.2211949825286865,
        "time_warnings": 0,
        "crash": false,
        "timeouts": false
    },
    "blue": {
        "name": "_teamTA_w17",
        "win": true,
        "tie": false,
        "loss": false,
        "time": 3.3162291049957275,
        "time_warnings": 0,
        "crash": false,
        "timeouts": false
    }
}
