{
    "layout": "defaultCapture",
    "score": -18,
    "time": 3.533287286758423,
    "red": {
        "name": "_dummy",
        "win": false,
        "tie": false,
        "loss": true,
        "time": 1.5962557792663574,
        "time_warnings": 0,
        "crash": false,
        "timeouts": false
    },
    "blue": {
        "name": "_teamTA_w17",
        "win": true,
        "tie": false,
        "loss": false,
        "time": 1.9370315074920654,
        "time_warnings": 0,
        "crash": false,
        "timeouts": false
    }
}
