{
    "layout": "RANDOM4259383195",
    "score": -16,
    "time": 6.580002069473267,
    "red": {
        "name": "_dummy",
        "win": false,
        "tie": false,
        "loss": true,
        "time": 3.4884207248687744,
        "time_warnings": 0,
        "crash": false,
        "timeouts": false
    },
    "blue": {
        "name": "_teamTA_w17",
        "win": true,
        "tie": false,
        "loss": false,
        "time": 3.091581344604492,
        "time_warnings": 0,
        "crash": false,
        "timeouts": false
    }
}
