{
    "layout": "defaultCapture",
    "score": -18,
    "time": 3.74627685546875,
    "red": {
        "name": "_dummy",
        "win": false,
        "tie": false,
        "loss": true,
        "time": 1.6583800315856934,
        "time_warnings": 0,
        "crash": false,
        "timeouts": false
    },
    "blue": {
        "name": "_teamTA_w17",
        "win": true,
        "tie": false,
        "loss": false,
        "time": 2.0878968238830566,
        "time_warnings": 0,
        "crash": false,
        "timeouts": false
    }
}
