{
    "layout": "RANDOM38288202",
    "score": -16,
    "time": 6.147700071334839,
    "red": {
        "name": "_dummy",
        "win": false,
        "tie": false,
        "loss": true,
        "time": 2.800316572189331,
        "time_warnings": 0,
        "crash": false,
        "timeouts": false
    },
    "blue": {
        "name": "_teamTA_w17",
        "win": true,
        "tie": false,
        "loss": false,
        "time": 3.347383499145508,
        "time_warnings": 0,
        "crash": false,
        "timeouts": false
    }
}
