{
    "layout": "RANDOM3214737142",
    "score": -16,
    "time": 6.080562353134155,
    "red": {
        "name": "_dummy",
        "win": false,
        "tie": false,
        "loss": true,
        "time": 2.733074903488159,
        "time_warnings": 0,
        "crash": false,
        "timeouts": false
    },
    "blue": {
        "name": "_teamTA_w17",
        "win": true,
        "tie": false,
        "loss": false,
        "time": 3.347487449645996,
        "time_warnings": 0,
        "crash": false,
        "timeouts": false
    }
}
