{
    "layout": "defaultCapture",
    "score": -18,
    "time": 3.5272929668426514,
    "red": {
        "name": "_dummy",
        "win": false,
        "tie": false,
        "loss": true,
        "time": 1.701446294784546,
        "time_warnings": 0,
        "crash": false,
        "timeouts": false
    },
    "blue": {
        "name": "_teamTA_w17",
        "win": true,
        "tie": false,
        "loss": false,
        "time": 1.8258466720581055,
        "time_warnings": 0,
        "crash": false,
        "timeouts": false
    }
}
