{
    "layout": "RANDOM2961439964",
    "score": -16,
    "time": 6.314468622207642,
    "red": {
        "name": "_dummy",
        "win": false,
        "tie": false,
        "loss": true,
        "time": 2.5475242137908936,
        "time_warnings": 0,
        "crash": false,
        "timeouts": false
    },
    "blue": {
        "name": "_teamTA_w17",
        "win": true,
        "tie": false,
        "loss": false,
        "time": 3.766944408416748,
        "time_warnings": 0,
        "crash": false,
        "timeouts": false
    }
}
