{
    "layout": "defaultCapture",
    "score": -18,
    "time": 3.6254940032958984,
    "red": {
        "name": "_dummy",
        "win": false,
        "tie": false,
        "loss": true,
        "time": 1.6795732975006104,
        "time_warnings": 0,
        "crash": false,
        "timeouts": false
    },
    "blue": {
        "name": "_teamTA_w17",
        "win": true,
        "tie": false,
        "loss": false,
        "time": 1.945920705795288,
        "time_warnings": 0,
        "crash": false,
        "timeouts": false
    }
}
