{
    "layout": "RANDOM1327811021",
    "score": -16,
    "time": 6.759638071060181,
    "red": {
        "name": "_dummy",
        "win": false,
        "tie": false,
        "loss": true,
        "time": 2.9247663021087646,
        "time_warnings": 0,
        "crash": false,
        "timeouts": false
    },
    "blue": {
        "name": "_teamTA_w17",
        "win": true,
        "tie": false,
        "loss": false,
        "time": 3.834871768951416,
        "time_warnings": 0,
        "crash": false,
        "timeouts": false
    }
}
