{
    "layout": "defaultCapture",
    "score": -18,
    "time": 3.939258098602295,
    "red": {
        "name": "_dummy",
        "win": false,
        "tie": false,
        "loss": true,
        "time": 1.7582943439483643,
        "time_warnings": 0,
        "crash": false,
        "timeouts": false
    },
    "blue": {
        "name": "_teamTA_w17",
        "win": true,
        "tie": false,
        "loss": false,
        "time": 2.1809637546539307,
        "time_warnings": 0,
        "crash": false,
        "timeouts": false
    }
}
