{
    "layout": "RANDOM2809513887",
    "score": -16,
    "time": 9.807297229766846,
    "red": {
        "name": "_dummy",
        "win": false,
        "tie": false,
        "loss": true,
        "time": 3.2882232666015625,
        "time_warnings": 0,
        "crash": false,
        "timeouts": false
    },
    "blue": {
        "name": "_teamTA_w17",
        "win": true,
        "tie": false,
        "loss": false,
        "time": 6.519073963165283,
        "time_warnings": 0,
        "crash": false,
        "timeouts": false
    }
}
