{
    "layout": "RANDOM1274735050",
    "score": -16,
    "time": 6.248004674911499,
    "red": {
        "name": "_dummy",
        "win": false,
        "tie": false,
        "loss": true,
        "time": 2.9206702709198,
        "time_warnings": 0,
        "crash": false,
        "timeouts": false
    },
    "blue": {
        "name": "_teamTA_w17",
        "win": true,
        "tie": false,
        "loss": false,
        "time": 3.327334403991699,
        "time_warnings": 0,
        "crash": false,
        "timeouts": false
    }
}
