{
    "layout": "RANDOM18670733",
    "score": -16,
    "time": 6.21509313583374,
    "red": {
        "name": "_dummy",
        "win": false,
        "tie": false,
        "loss": true,
        "time": 3.0027432441711426,
        "time_warnings": 0,
        "crash": false,
        "timeouts": false
    },
    "blue": {
        "name": "_teamTA_w17",
        "win": true,
        "tie": false,
        "loss": false,
        "time": 3.2123498916625977,
        "time_warnings": 0,
        "crash": false,
        "timeouts": false
    }
}
