{
    "layout": "RANDOM3823428556",
    "score": -16,
    "time": 6.056031703948975,
    "red": {
        "name": "_dummy",
        "win": false,
        "tie": false,
        "loss": true,
        "time": 2.8146162033081055,
        "time_warnings": 0,
        "crash": false,
        "timeouts": false
    },
    "blue": {
        "name": "_teamTA_w17",
        "win": true,
        "tie": false,
        "loss": false,
        "time": 3.241415500640869,
        "time_warnings": 0,
        "crash": false,
        "timeouts": false
    }
}
