{
    "layout": "RANDOM3620074921",
    "score": -16,
    "time": 6.85676646232605,
    "red": {
        "name": "_dummy",
        "win": false,
        "tie": false,
        "loss": true,
        "time": 3.0477774143218994,
        "time_warnings": 0,
        "crash": false,
        "timeouts": false
    },
    "blue": {
        "name": "_teamTA_w17",
        "win": true,
        "tie": false,
        "loss": false,
        "time": 3.8089890480041504,
        "time_warnings": 0,
        "crash": false,
        "timeouts": false
    }
}
