{
    "layout": "RANDOM1471401583",
    "score": -7,
    "time": 7.6238532066345215,
    "red": {
        "name": "staff_SlugTrap",
        "win": false,
        "tie": false,
        "loss": true,
        "time": 4.636929512023926,
        "time_warnings": 0,
        "crash": false,
        "timeouts": false
    },
    "blue": {
        "name": "_baseline",
        "win": true,
        "tie": false,
        "loss": false,
        "time": 2.9869236946105957,
        "time_warnings": 0,
        "crash": false,
        "timeouts": false
    }
}
