{
    "layout": "RANDOM2827577212",
    "score": 10,
    "time": 5.57672643661499,
    "red": {
        "name": "staff_SlugTrap",
        "win": true,
        "tie": false,
        "loss": false,
        "time": 3.1388981342315674,
        "time_warnings": 0,
        "crash": false,
        "timeouts": false
    },
    "blue": {
        "name": "_baseline",
        "win": false,
        "tie": false,
        "loss": true,
        "time": 2.437828302383423,
        "time_warnings": 0,
        "crash": false,
        "timeouts": false
    }
}
