{
    "layout": "RANDOM2595164615",
    "score": 3,
    "time": 8.146351099014282,
    "red": {
        "name": "staff_SlugTrap",
        "win": true,
        "tie": false,
        "loss": false,
        "time": 4.636539936065674,
        "time_warnings": 0,
        "crash": false,
        "timeouts": false
    },
    "blue": {
        "name": "_baseline",
        "win": false,
        "tie": false,
        "loss": true,
        "time": 3.5098111629486084,
        "time_warnings": 0,
        "crash": false,
        "timeouts": false
    }
}
