{
    "layout": "defaultCapture",
    "score": 6,
    "time": 5.882479906082153,
    "red": {
        "name": "staff_SlugTrap",
        "win": true,
        "tie": false,
        "loss": false,
        "time": 3.7971243858337402,
        "time_warnings": 0,
        "crash": false,
        "timeouts": false
    },
    "blue": {
        "name": "_baseline",
        "win": false,
        "tie": false,
        "loss": true,
        "time": 2.085355520248413,
        "time_warnings": 0,
        "crash": false,
        "timeouts": false
    }
}
