{
    "layout": "RANDOM1312525042",
    "score": 4,
    "time": 6.065709114074707,
    "red": {
        "name": "staff_SlugTrap",
        "win": true,
        "tie": false,
        "loss": false,
        "time": 3.632256269454956,
        "time_warnings": 0,
        "crash": false,
        "timeouts": false
    },
    "blue": {
        "name": "_baseline",
        "win": false,
        "tie": false,
        "loss": true,
        "time": 2.433452844619751,
        "time_warnings": 0,
        "crash": false,
        "timeouts": false
    }
}
