{
    "layout": "RANDOM3125466484",
    "score": 4,
    "time": 7.241138935089111,
    "red": {
        "name": "staff_SlugTrap",
        "win": true,
        "tie": false,
        "loss": false,
        "time": 3.8838391304016113,
        "time_warnings": 0,
        "crash": false,
        "timeouts": false
    },
    "blue": {
        "name": "_baseline",
        "win": false,
        "tie": false,
        "loss": true,
        "time": 3.3572998046875,
        "time_warnings": 0,
        "crash": false,
        "timeouts": false
    }
}
