{
    "layout": "RANDOM1351761670",
    "score": -5,
    "time": 8.035632133483887,
    "red": {
        "name": "staff_SlugTrap",
        "win": false,
        "tie": false,
        "loss": true,
        "time": 4.951619863510132,
        "time_warnings": 0,
        "crash": false,
        "timeouts": false
    },
    "blue": {
        "name": "_baseline",
        "win": true,
        "tie": false,
        "loss": false,
        "time": 3.084012269973755,
        "time_warnings": 0,
        "crash": false,
        "timeouts": false
    }
}
