{
    "layout": "RANDOM4286684386",
    "score": 7,
    "time": 7.623679876327515,
    "red": {
        "name": "staff_SlugTrap",
        "win": true,
        "tie": false,
        "loss": false,
        "time": 4.363959312438965,
        "time_warnings": 0,
        "crash": false,
        "timeouts": false
    },
    "blue": {
        "name": "_baseline",
        "win": false,
        "tie": false,
        "loss": true,
        "time": 3.25972056388855,
        "time_warnings": 0,
        "crash": false,
        "timeouts": false
    }
}
