{
    "layout": "RANDOM1516483601",
    "score": -16,
    "time": 2.6713898181915283,
    "red": {
        "name": "_dummy",
        "win": false,
        "tie": false,
        "loss": true,
        "time": 1.3239989280700684,
        "time_warnings": 0,
        "crash": false,
        "timeouts": false
    },
    "blue": {
        "name": "_baseline",
        "win": true,
        "tie": false,
        "loss": false,
        "time": 1.34739089012146,
        "time_warnings": 0,
        "crash": false,
        "timeouts": false
    }
}
