{
    "layout": "RANDOM4121846840",
    "score": -16,
    "time": 4.1345062255859375,
    "red": {
        "name": "_dummy",
        "win": false,
        "tie": false,
        "loss": true,
        "time": 1.9624261856079102,
        "time_warnings": 0,
        "crash": false,
        "timeouts": false
    },
    "blue": {
        "name": "_baseline",
        "win": true,
        "tie": false,
        "loss": false,
        "time": 2.1720800399780273,
        "time_warnings": 0,
        "crash": false,
        "timeouts": false
    }
}
