{
    "layout": "defaultCapture",
    "score": -18,
    "time": 1.4058473110198975,
    "red": {
        "name": "_dummy",
        "win": false,
        "tie": false,
        "loss": true,
        "time": 0.6438899040222168,
        "time_warnings": 0,
        "crash": false,
        "timeouts": false
    },
    "blue": {
        "name": "_baseline",
        "win": true,
        "tie": false,
        "loss": false,
        "time": 0.7619574069976807,
        "time_warnings": 0,
        "crash": false,
        "timeouts": false
    }
}
