{
    "layout": "defaultCapture",
    "score": -18,
    "time": 1.4984197616577148,
    "red": {
        "name": "_dummy",
        "win": false,
        "tie": false,
        "loss": true,
        "time": 0.6191744804382324,
        "time_warnings": 0,
        "crash": false,
        "timeouts": false
    },
    "blue": {
        "name": "_baseline",
        "win": true,
        "tie": false,
        "loss": false,
        "time": 0.8792452812194824,
        "time_warnings": 0,
        "crash": false,
        "timeouts": false
    }
}
