{
    "layout": "defaultCapture",
    "score": -18,
    "time": 1.4140064716339111,
    "red": {
        "name": "_dummy",
        "win": false,
        "tie": false,
        "loss": true,
        "time": 0.5856668949127197,
        "time_warnings": 0,
        "crash": false,
        "timeouts": false
    },
    "blue": {
        "name": "_baseline",
        "win": true,
        "tie": false,
        "loss": false,
        "time": 0.8283395767211914,
        "time_warnings": 0,
        "crash": false,
        "timeouts": false
    }
}
