{
    "layout": "RANDOM4174722479",
    "score": -16,
    "time": 5.4532082080841064,
    "red": {
        "name": "_dummy",
        "win": false,
        "tie": false,
        "loss": true,
        "time": 2.1901984214782715,
        "time_warnings": 0,
        "crash": false,
        "timeouts": false
    },
    "blue": {
        "name": "_baseline",
        "win": true,
        "tie": false,
        "loss": false,
        "time": 3.263009786605835,
        "time_warnings": 0,
        "crash": false,
        "timeouts": false
    }
}
