{
    "layout": "RANDOM2076616081",
    "score": -16,
    "time": 3.2456068992614746,
    "red": {
        "name": "_dummy",
        "win": false,
        "tie": false,
        "loss": true,
        "time": 1.2675955295562744,
        "time_warnings": 0,
        "crash": false,
        "timeouts": false
    },
    "blue": {
        "name": "_baseline",
        "win": true,
        "tie": false,
        "loss": false,
        "time": 1.9780113697052002,
        "time_warnings": 0,
        "crash": false,
        "timeouts": false
    }
}
