{
    "layout": "defaultCapture",
    "score": -18,
    "time": 1.3942129611968994,
    "red": {
        "name": "_dummy",
        "win": false,
        "tie": false,
        "loss": true,
        "time": 0.5787901878356934,
        "time_warnings": 0,
        "crash": false,
        "timeouts": false
    },
    "blue": {
        "name": "_baseline",
        "win": true,
        "tie": false,
        "loss": false,
        "time": 0.815422773361206,
        "time_warnings": 0,
        "crash": false,
        "timeouts": false
    }
}
