{
    "layout": "RANDOM1167576012",
    "score": -16,
    "time": 4.359827995300293,
    "red": {
        "name": "_dummy",
        "win": false,
        "tie": false,
        "loss": true,
        "time": 2.378589630126953,
        "time_warnings": 0,
        "crash": false,
        "timeouts": false
    },
    "blue": {
        "name": "_baseline",
        "win": true,
        "tie": false,
        "loss": false,
        "time": 1.9812383651733398,
        "time_warnings": 0,
        "crash": false,
        "timeouts": false
    }
}
