{
    "layout": "RANDOM3026054189",
    "score": -16,
    "time": 4.1681809425354,
    "red": {
        "name": "_dummy",
        "win": false,
        "tie": false,
        "loss": true,
        "time": 1.980172872543335,
        "time_warnings": 0,
        "crash": false,
        "timeouts": false
    },
    "blue": {
        "name": "_baseline",
        "win": true,
        "tie": false,
        "loss": false,
        "time": 2.1880080699920654,
        "time_warnings": 0,
        "crash": false,
        "timeouts": false
    }
}
