{
    "layout": "RANDOM3394595103",
    "score": -16,
    "time": 4.125598669052124,
    "red": {
        "name": "_dummy",
        "win": false,
        "tie": false,
        "loss": true,
        "time": 1.907883882522583,
        "time_warnings": 0,
        "crash": false,
        "timeouts": false
    },
    "blue": {
        "name": "_baseline",
        "win": true,
        "tie": false,
        "loss": false,
        "time": 2.217714786529541,
        "time_warnings": 0,
        "crash": false,
        "timeouts": false
    }
}
