{
    "layout": "defaultCapture",
    "score": -18,
    "time": 1.5348668098449707,
    "red": {
        "name": "_dummy",
        "win": false,
        "tie": false,
        "loss": true,
        "time": 0.7263531684875488,
        "time_warnings": 0,
        "crash": false,
        "timeouts": false
    },
    "blue": {
        "name": "_baseline",
        "win": true,
        "tie": false,
        "loss": false,
        "time": 0.8085136413574219,
        "time_warnings": 0,
        "crash": false,
        "timeouts": false
    }
}
