{
    "layout": "RANDOM333872371",
    "score": -16,
    "time": 4.44112753868103,
    "red": {
        "name": "_dummy",
        "win": false,
        "tie": false,
        "loss": true,
        "time": 2.266538381576538,
        "time_warnings": 0,
        "crash": false,
        "timeouts": false
    },
    "blue": {
        "name": "_baseline",
        "win": true,
        "tie": false,
        "loss": false,
        "time": 2.174589157104492,
        "time_warnings": 0,
        "crash": false,
        "timeouts": false
    }
}
