{
    "layout": "RANDOM659720713",
    "score": -17,
    "time": 3.0726420879364014,
    "red": {
        "name": "_dummy",
        "win": false,
        "tie": false,
        "loss": true,
        "time": 1.7927861213684082,
        "time_warnings": 0,
        "crash": false,
        "timeouts": false
    },
    "blue": {
        "name": "_baseline",
        "win": true,
        "tie": false,
        "loss": false,
        "time": 1.2798559665679932,
        "time_warnings": 0,
        "crash": false,
        "timeouts": false
    }
}
