{
    "layout": "RANDOM336087447",
    "score": -16,
    "time": 3.790262222290039,
    "red": {
        "name": "_dummy",
        "win": false,
        "tie": false,
        "loss": true,
        "time": 1.3074867725372314,
        "time_warnings": 0,
        "crash": false,
        "timeouts": false
    },
    "blue": {
        "name": "_baseline",
        "win": true,
        "tie": false,
        "loss": false,
        "time": 2.4827754497528076,
        "time_warnings": 0,
        "crash": false,
        "timeouts": false
    }
}
