{
    "layout": "RANDOM2771962421",
    "score": -7,
    "time": 32.12771272659302,
    "red": {
        "name": "staff_SlugTrap",
        "win": false,
        "tie": false,
        "loss": true,
        "time": 4.727035760879517,
        "time_warnings": 0,
        "crash": false,
        "timeouts": false
    },
    "blue": {
        "name": "staff_SomeSlug",
        "win": true,
        "tie": false,
        "loss": false,
        "time": 27.4006769657135,
        "time_warnings": 0,
        "crash": false,
        "timeouts": false
    }
}
