{
    "layout": "RANDOM876372223",
    "score": -14,
    "time": 40.98514699935913,
    "red": {
        "name": "staff_SlugTrap",
        "win": false,
        "tie": false,
        "loss": true,
        "time": 3.8210794925689697,
        "time_warnings": 0,
        "crash": false,
        "timeouts": false
    },
    "blue": {
        "name": "staff_SomeSlug",
        "win": true,
        "tie": false,
        "loss": false,
        "time": 37.16406750679016,
        "time_warnings": 0,
        "crash": false,
        "timeouts": false
    }
}
