{
    "layout": "RANDOM3708085735",
    "score": -1,
    "time": 34.24844145774841,
    "red": {
        "name": "staff_SlugTrap",
        "win": false,
        "tie": false,
        "loss": true,
        "time": 3.793017864227295,
        "time_warnings": 0,
        "crash": false,
        "timeouts": false
    },
    "blue": {
        "name": "staff_SomeSlug",
        "win": true,
        "tie": false,
        "loss": false,
        "time": 30.455423593521118,
        "time_warnings": 0,
        "crash": false,
        "timeouts": false
    }
}
