{
    "layout": "RANDOM1236940248",
    "score": -6,
    "time": 27.0818190574646,
    "red": {
        "name": "staff_SlugTrap",
        "win": false,
        "tie": false,
        "loss": true,
        "time": 3.329282283782959,
        "time_warnings": 0,
        "crash": false,
        "timeouts": false
    },
    "blue": {
        "name": "staff_SomeSlug",
        "win": true,
        "tie": false,
        "loss": false,
        "time": 23.75253677368164,
        "time_warnings": 0,
        "crash": false,
        "timeouts": false
    }
}
