{
    "layout": "defaultCapture",
    "score": 9,
    "time": 31.71816897392273,
    "red": {
        "name": "staff_SlugTrap",
        "win": true,
        "tie": false,
        "loss": false,
        "time": 2.3468685150146484,
        "time_warnings": 0,
        "crash": false,
        "timeouts": false
    },
    "blue": {
        "name": "staff_SomeSlug",
        "win": false,
        "tie": false,
        "loss": true,
        "time": 29.37130045890808,
        "time_warnings": 0,
        "crash": false,
        "timeouts": false
    }
}
