{
    "layout": "defaultCapture",
    "score": 9,
    "time": 31.660293340682983,
    "red": {
        "name": "staff_SlugTrap",
        "win": true,
        "tie": false,
        "loss": false,
        "time": 2.1400859355926514,
        "time_warnings": 0,
        "crash": false,
        "timeouts": false
    },
    "blue": {
        "name": "staff_SomeSlug",
        "win": false,
        "tie": false,
        "loss": true,
        "time": 29.520207405090332,
        "time_warnings": 0,
        "crash": false,
        "timeouts": false
    }
}
