{
    "layout": "defaultCapture",
    "score": 1,
    "time": 24.729029655456543,
    "red": {
        "name": "staff_SlugTrap",
        "win": true,
        "tie": false,
        "loss": false,
        "time": 2.2271928787231445,
        "time_warnings": 0,
        "crash": false,
        "timeouts": false
    },
    "blue": {
        "name": "staff_SomeSlug",
        "win": false,
        "tie": false,
        "loss": true,
        "time": 22.5018367767334,
        "time_warnings": 0,
        "crash": false,
        "timeouts": false
    }
}
