{
    "layout": "defaultCapture",
    "score": -1,
    "time": 23.640021562576294,
    "red": {
        "name": "staff_SlugBrain",
        "win": false,
        "tie": false,
        "loss": true,
        "time": 2.2611494064331055,
        "time_warnings": 0,
        "crash": false,
        "timeouts": false
    },
    "blue": {
        "name": "staff_SomeSlug",
        "win": true,
        "tie": false,
        "loss": false,
        "time": 21.37887215614319,
        "time_warnings": 0,
        "crash": false,
        "timeouts": false
    }
}
