{
    "layout": "RANDOM160954465",
    "score": 1,
    "time": 36.57020711898804,
    "red": {
        "name": "staff_SlugBrain",
        "win": true,
        "tie": false,
        "loss": false,
        "time": 4.517629861831665,
        "time_warnings": 0,
        "crash": false,
        "timeouts": false
    },
    "blue": {
        "name": "staff_SomeSlug",
        "win": false,
        "tie": false,
        "loss": true,
        "time": 32.05257725715637,
        "time_warnings": 0,
        "crash": false,
        "timeouts": false
    }
}
