{
    "layout": "RANDOM2075713610",
    "score": -2,
    "time": 40.315824031829834,
    "red": {
        "name": "staff_SlugBrain",
        "win": false,
        "tie": false,
        "loss": true,
        "time": 3.663167953491211,
        "time_warnings": 0,
        "crash": false,
        "timeouts": false
    },
    "blue": {
        "name": "staff_SomeSlug",
        "win": true,
        "tie": false,
        "loss": false,
        "time": 36.65265607833862,
        "time_warnings": 0,
        "crash": false,
        "timeouts": false
    }
}
