{
    "layout": "RANDOM3833156311",
    "score": -2,
    "time": 27.3052761554718,
    "red": {
        "name": "staff_SlugBrain",
        "win": false,
        "tie": false,
        "loss": true,
        "time": 3.527994394302368,
        "time_warnings": 0,
        "crash": false,
        "timeouts": false
    },
    "blue": {
        "name": "staff_SomeSlug",
        "win": true,
        "tie": false,
        "loss": false,
        "time": 23.777281761169434,
        "time_warnings": 0,
        "crash": false,
        "timeouts": false
    }
}
