{
    "layout": "defaultCapture",
    "score": -1,
    "time": 18.29880404472351,
    "red": {
        "name": "staff_SlugBrain",
        "win": false,
        "tie": false,
        "loss": true,
        "time": 1.7426495552062988,
        "time_warnings": 0,
        "crash": false,
        "timeouts": false
    },
    "blue": {
        "name": "staff_SomeSlug",
        "win": true,
        "tie": false,
        "loss": false,
        "time": 16.556154489517212,
        "time_warnings": 0,
        "crash": false,
        "timeouts": false
    }
}
