{
    "layout": "RANDOM626898278",
    "score": -10,
    "time": 42.64598369598389,
    "red": {
        "name": "staff_SlugBrain",
        "win": false,
        "tie": false,
        "loss": true,
        "time": 3.7254981994628906,
        "time_warnings": 0,
        "crash": false,
        "timeouts": false
    },
    "blue": {
        "name": "staff_SomeSlug",
        "win": true,
        "tie": false,
        "loss": false,
        "time": 38.920485496520996,
        "time_warnings": 0,
        "crash": false,
        "timeouts": false
    }
}
