{
    "layout": "RANDOM2059594903",
    "score": -2,
    "time": 28.134515047073364,
    "red": {
        "name": "staff_SlugBrain",
        "win": false,
        "tie": false,
        "loss": true,
        "time": 3.4517102241516113,
        "time_warnings": 0,
        "crash": false,
        "timeouts": false
    },
    "blue": {
        "name": "staff_SomeSlug",
        "win": true,
        "tie": false,
        "loss": false,
        "time": 24.682804822921753,
        "time_warnings": 0,
        "crash": false,
        "timeouts": false
    }
}
