{
    "layout": "defaultCapture",
    "score": 2,
    "time": 41.92226243019104,
    "red": {
        "name": "staff_SlugBrain",
        "win": true,
        "tie": false,
        "loss": false,
        "time": 3.675065755844116,
        "time_warnings": 0,
        "crash": false,
        "timeouts": false
    },
    "blue": {
        "name": "staff_SomeSlug",
        "win": false,
        "tie": false,
        "loss": true,
        "time": 38.247196674346924,
        "time_warnings": 0,
        "crash": false,
        "timeouts": false
    }
}
