{
    "layout": "RANDOM2137730710",
    "score": 1,
    "time": 36.215598583221436,
    "red": {
        "name": "staff_SlugBrain",
        "win": true,
        "tie": false,
        "loss": false,
        "time": 3.198025941848755,
        "time_warnings": 0,
        "crash": false,
        "timeouts": false
    },
    "blue": {
        "name": "staff_SomeSlug",
        "win": false,
        "tie": false,
        "loss": true,
        "time": 33.01757264137268,
        "time_warnings": 0,
        "crash": false,
        "timeouts": false
    }
}
