{
    "layout": "defaultCapture",
    "score": 3,
    "time": 30.313993215560913,
    "red": {
        "name": "staff_SlugBrain",
        "win": true,
        "tie": false,
        "loss": false,
        "time": 2.698341131210327,
        "time_warnings": 0,
        "crash": false,
        "timeouts": false
    },
    "blue": {
        "name": "staff_SomeSlug",
        "win": false,
        "tie": false,
        "loss": true,
        "time": 27.615652084350586,
        "time_warnings": 0,
        "crash": false,
        "timeouts": false
    }
}
