{
    "layout": "RANDOM870670363",
    "score": 1,
    "time": 7.114400386810303,
    "red": {
        "name": "_teamTA_w17",
        "win": true,
        "tie": false,
        "loss": false,
        "time": 3.5244970321655273,
        "time_warnings": 0,
        "crash": false,
        "timeouts": false
    },
    "blue": {
        "name": "staff_SlugTrap",
        "win": false,
        "tie": false,
        "loss": true,
        "time": 3.5899033546447754,
        "time_warnings": 0,
        "crash": false,
        "timeouts": false
    }
}
