{
    "layout": "RANDOM237912156",
    "score": -7,
    "time": 9.423935890197754,
    "red": {
        "name": "_teamTA_w17",
        "win": false,
        "tie": false,
        "loss": true,
        "time": 4.741687059402466,
        "time_warnings": 0,
        "crash": false,
        "timeouts": false
    },
    "blue": {
        "name": "staff_SlugTrap",
        "win": true,
        "tie": false,
        "loss": false,
        "time": 4.682248830795288,
        "time_warnings": 0,
        "crash": false,
        "timeouts": false
    }
}
