{
    "layout": "defaultCapture",
    "score": -1,
    "time": 3.280740737915039,
    "red": {
        "name": "_teamTA_w17",
        "win": false,
        "tie": false,
        "loss": true,
        "time": 1.548037052154541,
        "time_warnings": 0,
        "crash": false,
        "timeouts": false
    },
    "blue": {
        "name": "staff_SlugTrap",
        "win": true,
        "tie": false,
        "loss": false,
        "time": 1.732703685760498,
        "time_warnings": 0,
        "crash": false,
        "timeouts": false
    }
}
