{
    "layout": "defaultCapture",
    "score": 3,
    "time": 3.4579660892486572,
    "red": {
        "name": "_teamTA_w17",
        "win": true,
        "tie": false,
        "loss": false,
        "time": 1.7702836990356445,
        "time_warnings": 0,
        "crash": false,
        "timeouts": false
    },
    "blue": {
        "name": "staff_SlugTrap",
        "win": false,
        "tie": false,
        "loss": true,
        "time": 1.6876823902130127,
        "time_warnings": 0,
        "crash": false,
        "timeouts": false
    }
}
