{
    "layout": "RANDOM1324487988",
    "score": 1,
    "time": 6.639089345932007,
    "red": {
        "name": "_teamTA_w17",
        "win": true,
        "tie": false,
        "loss": false,
        "time": 3.39189076423645,
        "time_warnings": 0,
        "crash": false,
        "timeouts": false
    },
    "blue": {
        "name": "staff_SlugTrap",
        "win": false,
        "tie": false,
        "loss": true,
        "time": 3.2471985816955566,
        "time_warnings": 0,
        "crash": false,
        "timeouts": false
    }
}
