{
    "layout": "RANDOM2190369065",
    "score": -2,
    "time": 10.002594232559204,
    "red": {
        "name": "_teamTA_w17",
        "win": false,
        "tie": false,
        "loss": true,
        "time": 4.84901762008667,
        "time_warnings": 0,
        "crash": false,
        "timeouts": false
    },
    "blue": {
        "name": "staff_SlugTrap",
        "win": true,
        "tie": false,
        "loss": false,
        "time": 5.153576612472534,
        "time_warnings": 0,
        "crash": false,
        "timeouts": false
    }
}
