{
    "layout": "RANDOM2363145",
    "score": 3,
    "time": 5.7838454246521,
    "red": {
        "name": "_teamTA_w17",
        "win": true,
        "tie": false,
        "loss": false,
        "time": 2.7860119342803955,
        "time_warnings": 0,
        "crash": false,
        "timeouts": false
    },
    "blue": {
        "name": "staff_SlugTrap",
        "win": false,
        "tie": false,
        "loss": true,
        "time": 2.997833490371704,
        "time_warnings": 0,
        "crash": false,
        "timeouts": false
    }
}
