{
    "layout": "defaultCapture",
    "score": 3,
    "time": 3.315717935562134,
    "red": {
        "name": "_teamTA_w17",
        "win": true,
        "tie": false,
        "loss": false,
        "time": 1.7434759140014648,
        "time_warnings": 0,
        "crash": false,
        "timeouts": false
    },
    "blue": {
        "name": "staff_SlugTrap",
        "win": false,
        "tie": false,
        "loss": true,
        "time": 1.572242021560669,
        "time_warnings": 0,
        "crash": false,
        "timeouts": false
    }
}
