{
    "layout": "RANDOM752977408",
    "score": 2,
    "time": 11.451506853103638,
    "red": {
        "name": "_teamTA_w17",
        "win": true,
        "tie": false,
        "loss": false,
        "time": 6.428950548171997,
        "time_warnings": 0,
        "crash": false,
        "timeouts": false
    },
    "blue": {
        "name": "staff_SlugTrap",
        "win": false,
        "tie": false,
        "loss": true,
        "time": 5.022556304931641,
        "time_warnings": 0,
        "crash": false,
        "timeouts": false
    }
}
