{
    "layout": "RANDOM3685387199",
    "score": 10,
    "time": 11.58953046798706,
    "red": {
        "name": "_teamTA_w17",
        "win": true,
        "tie": false,
        "loss": false,
        "time": 5.411671161651611,
        "time_warnings": 0,
        "crash": false,
        "timeouts": false
    },
    "blue": {
        "name": "staff_SlugTrap",
        "win": false,
        "tie": false,
        "loss": true,
        "time": 6.177859306335449,
        "time_warnings": 0,
        "crash": false,
        "timeouts": false
    }
}
