{
    "layout": "defaultCapture",
    "score": 3,
    "time": 3.648993968963623,
    "red": {
        "name": "_teamTA_w17",
        "win": true,
        "tie": false,
        "loss": false,
        "time": 1.8731393814086914,
        "time_warnings": 0,
        "crash": false,
        "timeouts": false
    },
    "blue": {
        "name": "staff_SlugTrap",
        "win": false,
        "tie": false,
        "loss": true,
        "time": 1.7758545875549316,
        "time_warnings": 0,
        "crash": false,
        "timeouts": false
    }
}
