{
    "layout": "RANDOM55136745",
    "score": 16,
    "time": 4.980573892593384,
    "red": {
        "name": "_baseline",
        "win": true,
        "tie": false,
        "loss": false,
        "time": 2.796494245529175,
        "time_warnings": 0,
        "crash": false,
        "timeouts": false
    },
    "blue": {
        "name": "_dummy",
        "win": false,
        "tie": false,
        "loss": true,
        "time": 2.184079647064209,
        "time_warnings": 0,
        "crash": false,
        "timeouts": false
    }
}
