{
    "layout": "defaultCapture",
    "score": 18,
    "time": 1.914459228515625,
    "red": {
        "name": "_baseline",
        "win": true,
        "tie": false,
        "loss": false,
        "time": 1.068371057510376,
        "time_warnings": 0,
        "crash": false,
        "timeouts": false
    },
    "blue": {
        "name": "_dummy",
        "win": false,
        "tie": false,
        "loss": true,
        "time": 0.846088171005249,
        "time_warnings": 0,
        "crash": false,
        "timeouts": false
    }
}
