{
    "layout": "RANDOM2037409460",
    "score": 16,
    "time": 4.929406404495239,
    "red": {
        "name": "_baseline",
        "win": true,
        "tie": false,
        "loss": false,
        "time": 2.7552196979522705,
        "time_warnings": 0,
        "crash": false,
        "timeouts": false
    },
    "blue": {
        "name": "_dummy",
        "win": false,
        "tie": false,
        "loss": true,
        "time": 2.1741867065429688,
        "time_warnings": 0,
        "crash": false,
        "timeouts": false
    }
}
