{
    "layout": "RANDOM438795783",
    "score": 19,
    "time": 3.540151596069336,
    "red": {
        "name": "_baseline",
        "win": true,
        "tie": false,
        "loss": false,
        "time": 2.18530011177063,
        "time_warnings": 0,
        "crash": false,
        "timeouts": false
    },
    "blue": {
        "name": "_dummy",
        "win": false,
        "tie": false,
        "loss": true,
        "time": 1.354851484298706,
        "time_warnings": 0,
        "crash": false,
        "timeouts": false
    }
}
