{
    "layout": "defaultCapture",
    "score": 18,
    "time": 1.4693894386291504,
    "red": {
        "name": "_baseline",
        "win": true,
        "tie": false,
        "loss": false,
        "time": 0.8763093948364258,
        "time_warnings": 0,
        "crash": false,
        "timeouts": false
    },
    "blue": {
        "name": "_dummy",
        "win": false,
        "tie": false,
        "loss": true,
        "time": 0.5930800437927246,
        "time_warnings": 0,
        "crash": false,
        "timeouts": false
    }
}
