{
    "layout": "RANDOM1713697366",
    "score": 16,
    "time": 3.2064321041107178,
    "red": {
        "name": "_baseline",
        "win": true,
        "tie": false,
        "loss": false,
        "time": 1.5091476440429688,
        "time_warnings": 0,
        "crash": false,
        "timeouts": false
    },
    "blue": {
        "name": "_dummy",
        "win": false,
        "tie": false,
        "loss": true,
        "time": 1.697284460067749,
        "time_warnings": 0,
        "crash": false,
        "timeouts": false
    }
}
