{
    "layout": "RANDOM3685574992",
    "score": 16,
    "time": 1.9359219074249268,
    "red": {
        "name": "_baseline",
        "win": true,
        "tie": false,
        "loss": false,
        "time": 1.0511691570281982,
        "time_warnings": 0,
        "crash": false,
        "timeouts": false
    },
    "blue": {
        "name": "_dummy",
        "win": false,
        "tie": false,
        "loss": true,
        "time": 0.8847527503967285,
        "time_warnings": 0,
        "crash": false,
        "timeouts": false
    }
}
