{
    "layout": "RANDOM1764157272",
    "score": 20,
    "time": 2.1060874462127686,
    "red": {
        "name": "_baseline",
        "win": true,
        "tie": false,
        "loss": false,
        "time": 1.170788049697876,
        "time_warnings": 0,
        "crash": false,
        "timeouts": false
    },
    "blue": {
        "name": "_dummy",
        "win": false,
        "tie": false,
        "loss": true,
        "time": 0.9352993965148926,
        "time_warnings": 0,
        "crash": false,
        "timeouts": false
    }
}
