{
    "layout": "defaultCapture",
    "score": 18,
    "time": 1.4057695865631104,
    "red": {
        "name": "_baseline",
        "win": true,
        "tie": false,
        "loss": false,
        "time": 0.8043732643127441,
        "time_warnings": 0,
        "crash": false,
        "timeouts": false
    },
    "blue": {
        "name": "_dummy",
        "win": false,
        "tie": false,
        "loss": true,
        "time": 0.6013963222503662,
        "time_warnings": 0,
        "crash": false,
        "timeouts": false
    }
}
