{
    "layout": "RANDOM459290222",
    "score": -6,
    "time": 5.808808088302612,
    "red": {
        "name": "_baseline",
        "win": false,
        "tie": false,
        "loss": true,
        "time": 2.229282855987549,
        "time_warnings": 0,
        "crash": false,
        "timeouts": false
    },
    "blue": {
        "name": "_teamTA_w17",
        "win": true,
        "tie": false,
        "loss": false,
        "time": 3.5795252323150635,
        "time_warnings": 0,
        "crash": false,
        "timeouts": false
    }
}
