{
    "layout": "RANDOM3524321350",
    "score": -16,
    "time": 7.358734607696533,
    "red": {
        "name": "_baseline",
        "win": false,
        "tie": false,
        "loss": true,
        "time": 3.4649553298950195,
        "time_warnings": 0,
        "crash": false,
        "timeouts": false
    },
    "blue": {
        "name": "_teamTA_w17",
        "win": true,
        "tie": false,
        "loss": false,
        "time": 3.8937792778015137,
        "time_warnings": 0,
        "crash": false,
        "timeouts": false
    }
}
