{
    "layout": "RANDOM2714404941",
    "score": -16,
    "time": 9.31104850769043,
    "red": {
        "name": "_baseline",
        "win": false,
        "tie": false,
        "loss": true,
        "time": 3.8781838417053223,
        "time_warnings": 0,
        "crash": false,
        "timeouts": false
    },
    "blue": {
        "name": "_teamTA_w17",
        "win": true,
        "tie": false,
        "loss": false,
        "time": 5.432864665985107,
        "time_warnings": 0,
        "crash": false,
        "timeouts": false
    }
}
