{
    "layout": "RANDOM196867762",
    "score": -6,
    "time": 8.508509159088135,
    "red": {
        "name": "_baseline",
        "win": false,
        "tie": false,
        "loss": true,
        "time": 3.431985378265381,
        "time_warnings": 0,
        "crash": false,
        "timeouts": false
    },
    "blue": {
        "name": "_teamTA_w17",
        "win": true,
        "tie": false,
        "loss": false,
        "time": 5.076523780822754,
        "time_warnings": 0,
        "crash": false,
        "timeouts": false
    }
}
