{
    "layout": "defaultCapture",
    "score": -6,
    "time": 10.71366834640503,
    "red": {
        "name": "_baseline",
        "win": false,
        "tie": false,
        "loss": true,
        "time": 2.6134703159332275,
        "time_warnings": 0,
        "crash": false,
        "timeouts": false
    },
    "blue": {
        "name": "_teamTA_w17",
        "win": true,
        "tie": false,
        "loss": false,
        "time": 8.100198030471802,
        "time_warnings": 0,
        "crash": false,
        "timeouts": false
    }
}
