{
    "layout": "defaultCapture",
    "score": -10,
    "time": 7.835714817047119,
    "red": {
        "name": "_baseline",
        "win": false,
        "tie": false,
        "loss": true,
        "time": 3.3055388927459717,
        "time_warnings": 0,
        "crash": false,
        "timeouts": false
    },
    "blue": {
        "name": "_teamTA_w17",
        "win": true,
        "tie": false,
        "loss": false,
        "time": 4.5301759243011475,
        "time_warnings": 0,
        "crash": false,
        "timeouts": false
    }
}
