{
    "layout": "RANDOM1065610129",
    "score": -8,
    "time": 10.409194469451904,
    "red": {
        "name": "_baseline",
        "win": false,
        "tie": false,
        "loss": true,
        "time": 4.273511648178101,
        "time_warnings": 0,
        "crash": false,
        "timeouts": false
    },
    "blue": {
        "name": "_teamTA_w17",
        "win": true,
        "tie": false,
        "loss": false,
        "time": 6.135682821273804,
        "time_warnings": 0,
        "crash": false,
        "timeouts": false
    }
}
