{
    "layout": "RANDOM305460780",
    "score": 12,
    "time": 7.196935653686523,
    "red": {
        "name": "_baseline",
        "win": true,
        "tie": false,
        "loss": false,
        "time": 2.4541049003601074,
        "time_warnings": 0,
        "crash": false,
        "timeouts": false
    },
    "blue": {
        "name": "_teamTA_w17",
        "win": false,
        "tie": false,
        "loss": true,
        "time": 4.742830753326416,
        "time_warnings": 0,
        "crash": false,
        "timeouts": false
    }
}
