{
    "layout": "defaultCapture",
    "score": -10,
    "time": 5.5799641609191895,
    "red": {
        "name": "_baseline",
        "win": false,
        "tie": false,
        "loss": true,
        "time": 2.627401113510132,
        "time_warnings": 0,
        "crash": false,
        "timeouts": false
    },
    "blue": {
        "name": "_teamTA_w17",
        "win": true,
        "tie": false,
        "loss": false,
        "time": 2.9525630474090576,
        "time_warnings": 0,
        "crash": false,
        "timeouts": false
    }
}
