{
    "layout": "RANDOM3133998003",
    "score": -2,
    "time": 8.088046312332153,
    "red": {
        "name": "_teamTA_w17",
        "win": false,
        "tie": false,
        "loss": true,
        "time": 4.173584938049316,
        "time_warnings": 0,
        "crash": false,
        "timeouts": false
    },
    "blue": {
        "name": "staff_SlugBrain",
        "win": true,
        "tie": false,
        "loss": false,
        "time": 3.914461374282837,
        "time_warnings": 0,
        "crash": false,
        "timeouts": false
    }
}
