{
    "layout": "defaultCapture",
    "score": -4,
    "time": 3.2229011058807373,
    "red": {
        "name": "_teamTA_w17",
        "win": false,
        "tie": false,
        "loss": true,
        "time": 1.5005080699920654,
        "time_warnings": 0,
        "crash": false,
        "timeouts": false
    },
    "blue": {
        "name": "staff_SlugBrain",
        "win": true,
        "tie": false,
        "loss": false,
        "time": 1.7223930358886719,
        "time_warnings": 0,
        "crash": false,
        "timeouts": false
    }
}
