{
    "layout": "defaultCapture",
    "score": -4,
    "time": 3.141634702682495,
    "red": {
        "name": "_teamTA_w17",
        "win": false,
        "tie": false,
        "loss": true,
        "time": 1.525857925415039,
        "time_warnings": 0,
        "crash": false,
        "timeouts": false
    },
    "blue": {
        "name": "staff_SlugBrain",
        "win": true,
        "tie": false,
        "loss": false,
        "time": 1.615776777267456,
        "time_warnings": 0,
        "crash": false,
        "timeouts": false
    }
}
