{
    "layout": "RANDOM3454452953",
    "score": 4,
    "time": 7.2910943031311035,
    "red": {
        "name": "_teamTA_w17",
        "win": true,
        "tie": false,
        "loss": false,
        "time": 3.643071174621582,
        "time_warnings": 0,
        "crash": false,
        "timeouts": false
    },
    "blue": {
        "name": "staff_SlugBrain",
        "win": false,
        "tie": false,
        "loss": true,
        "time": 3.6480231285095215,
        "time_warnings": 0,
        "crash": false,
        "timeouts": false
    }
}
