{
    "layout": "RANDOM3550392021",
    "score": 7,
    "time": 9.392695665359497,
    "red": {
        "name": "_teamTA_w17",
        "win": true,
        "tie": false,
        "loss": false,
        "time": 5.314796209335327,
        "time_warnings": 0,
        "crash": false,
        "timeouts": false
    },
    "blue": {
        "name": "staff_SlugBrain",
        "win": false,
        "tie": false,
        "loss": true,
        "time": 4.07789945602417,
        "time_warnings": 0,
        "crash": false,
        "timeouts": false
    }
}
