{
    "layout": "defaultCapture",
    "score": -4,
    "time": 3.677334785461426,
    "red": {
        "name": "_teamTA_w17",
        "win": false,
        "tie": false,
        "loss": true,
        "time": 1.7719736099243164,
        "time_warnings": 0,
        "crash": false,
        "timeouts": false
    },
    "blue": {
        "name": "staff_SlugBrain",
        "win": true,
        "tie": false,
        "loss": false,
        "time": 1.9053611755371094,
        "time_warnings": 0,
        "crash": false,
        "timeouts": false
    }
}
