{
    "layout": "RANDOM450038060",
    "score": 3,
    "time": 10.550431251525879,
    "red": {
        "name": "_teamTA_w17",
        "win": true,
        "tie": false,
        "loss": false,
        "time": 6.19865608215332,
        "time_warnings": 0,
        "crash": false,
        "timeouts": false
    },
    "blue": {
        "name": "staff_SlugBrain",
        "win": false,
        "tie": false,
        "loss": true,
        "time": 4.351775169372559,
        "time_warnings": 0,
        "crash": false,
        "timeouts": false
    }
}
