{
    "layout": "RANDOM1385572127",
    "score": -4,
    "time": 13.021653890609741,
    "red": {
        "name": "_teamTA_w17",
        "win": false,
        "tie": false,
        "loss": true,
        "time": 9.16483473777771,
        "time_warnings": 0,
        "crash": false,
        "timeouts": false
    },
    "blue": {
        "name": "staff_SlugBrain",
        "win": true,
        "tie": false,
        "loss": false,
        "time": 3.8568191528320312,
        "time_warnings": 0,
        "crash": false,
        "timeouts": false
    }
}
