{
    "layout": "RANDOM502891949",
    "score": 1,
    "time": 13.365034818649292,
    "red": {
        "name": "_teamTA_w17",
        "win": true,
        "tie": false,
        "loss": false,
        "time": 7.471708297729492,
        "time_warnings": 0,
        "crash": false,
        "timeouts": false
    },
    "blue": {
        "name": "staff_SlugBrain",
        "win": false,
        "tie": false,
        "loss": true,
        "time": 5.8933265209198,
        "time_warnings": 0,
        "crash": false,
        "timeouts": false
    }
}
