{
    "layout": "RANDOM1332542475",
    "score": 2,
    "time": 8.033624649047852,
    "red": {
        "name": "_teamTA_w17",
        "win": true,
        "tie": false,
        "loss": false,
        "time": 4.292453289031982,
        "time_warnings": 0,
        "crash": false,
        "timeouts": false
    },
    "blue": {
        "name": "staff_SlugBrain",
        "win": false,
        "tie": false,
        "loss": true,
        "time": 3.741171360015869,
        "time_warnings": 0,
        "crash": false,
        "timeouts": false
    }
}
