{
    "layout": "RANDOM3714121459",
    "score": -16,
    "time": 7.34263801574707,
    "red": {
        "name": "_dummy",
        "win": false,
        "tie": false,
        "loss": true,
        "time": 3.2320423126220703,
        "time_warnings": 0,
        "crash": false,
        "timeouts": false
    },
    "blue": {
        "name": "staff_SlugBrain",
        "win": true,
        "tie": false,
        "loss": false,
        "time": 4.110595703125,
        "time_warnings": 0,
        "crash": false,
        "timeouts": false
    }
}
