{
    "layout": "RANDOM2171987607",
    "score": -16,
    "time": 5.486326456069946,
    "red": {
        "name": "_dummy",
        "win": false,
        "tie": false,
        "loss": true,
        "time": 2.4286656379699707,
        "time_warnings": 0,
        "crash": false,
        "timeouts": false
    },
    "blue": {
        "name": "staff_SlugBrain",
        "win": true,
        "tie": false,
        "loss": false,
        "time": 3.0576608180999756,
        "time_warnings": 0,
        "crash": false,
        "timeouts": false
    }
}
