{
    "layout": "RANDOM3998820353",
    "score": -16,
    "time": 6.552475452423096,
    "red": {
        "name": "_dummy",
        "win": false,
        "tie": false,
        "loss": true,
        "time": 2.7668726444244385,
        "time_warnings": 0,
        "crash": false,
        "timeouts": false
    },
    "blue": {
        "name": "staff_SlugBrain",
        "win": true,
        "tie": false,
        "loss": false,
        "time": 3.7856028079986572,
        "time_warnings": 0,
        "crash": false,
        "timeouts": false
    }
}
