{
    "layout": "RANDOM2345407995",
    "score": -16,
    "time": 6.810888767242432,
    "red": {
        "name": "_dummy",
        "win": false,
        "tie": false,
        "loss": true,
        "time": 2.788895845413208,
        "time_warnings": 0,
        "crash": false,
        "timeouts": false
    },
    "blue": {
        "name": "staff_SlugBrain",
        "win": true,
        "tie": false,
        "loss": false,
        "time": 4.021992921829224,
        "time_warnings": 0,
        "crash": false,
        "timeouts": false
    }
}
