{
    "layout": "RANDOM2679688669",
    "score": -16,
    "time": 6.1231842041015625,
    "red": {
        "name": "_dummy",
        "win": false,
        "tie": false,
        "loss": true,
        "time": 2.6484687328338623,
        "time_warnings": 0,
        "crash": false,
        "timeouts": false
    },
    "blue": {
        "name": "staff_SlugBrain",
        "win": true,
        "tie": false,
        "loss": false,
        "time": 3.4747154712677,
        "time_warnings": 0,
        "crash": false,
        "timeouts": false
    }
}
