{
    "layout": "RANDOM4054677108",
    "score": -16,
    "time": 7.688930034637451,
    "red": {
        "name": "_dummy",
        "win": false,
        "tie": false,
        "loss": true,
        "time": 2.6282143592834473,
        "time_warnings": 0,
        "crash": false,
        "timeouts": false
    },
    "blue": {
        "name": "staff_SlugBrain",
        "win": true,
        "tie": false,
        "loss": false,
        "time": 5.060715675354004,
        "time_warnings": 0,
        "crash": false,
        "timeouts": false
    }
}
