{
    "layout": "defaultCapture",
    "score": -18,
    "time": 4.303839683532715,
    "red": {
        "name": "_dummy",
        "win": false,
        "tie": false,
        "loss": true,
        "time": 2.0520431995391846,
        "time_warnings": 0,
        "crash": false,
        "timeouts": false
    },
    "blue": {
        "name": "staff_SlugBrain",
        "win": true,
        "tie": false,
        "loss": false,
        "time": 2.2517964839935303,
        "time_warnings": 0,
        "crash": false,
        "timeouts": false
    }
}
