{
    "layout": "defaultCapture",
    "score": -18,
    "time": 3.880671501159668,
    "red": {
        "name": "_dummy",
        "win": false,
        "tie": false,
        "loss": true,
        "time": 1.7036919593811035,
        "time_warnings": 0,
        "crash": false,
        "timeouts": false
    },
    "blue": {
        "name": "staff_SlugBrain",
        "win": true,
        "tie": false,
        "loss": false,
        "time": 2.1769795417785645,
        "time_warnings": 0,
        "crash": false,
        "timeouts": false
    }
}
