{
    "layout": "RANDOM3454670535",
    "score": -16,
    "time": 9.561200618743896,
    "red": {
        "name": "_dummy",
        "win": false,
        "tie": false,
        "loss": true,
        "time": 5.297200918197632,
        "time_warnings": 0,
        "crash": false,
        "timeouts": false
    },
    "blue": {
        "name": "staff_SlugBrain",
        "win": true,
        "tie": false,
        "loss": false,
        "time": 4.263999700546265,
        "time_warnings": 0,
        "crash": false,
        "timeouts": false
    }
}
