{
    "layout": "defaultCapture",
    "score": -18,
    "time": 3.7340712547302246,
    "red": {
        "name": "_dummy",
        "win": false,
        "tie": false,
        "loss": true,
        "time": 1.578444004058838,
        "time_warnings": 0,
        "crash": false,
        "timeouts": false
    },
    "blue": {
        "name": "staff_SlugBrain",
        "win": true,
        "tie": false,
        "loss": false,
        "time": 2.1556272506713867,
        "time_warnings": 0,
        "crash": false,
        "timeouts": false
    }
}
