{
    "layout": "defaultCapture",
    "score": -18,
    "time": 4.04941463470459,
    "red": {
        "name": "_dummy",
        "win": false,
        "tie": false,
        "loss": true,
        "time": 1.6940028667449951,
        "time_warnings": 0,
        "crash": false,
        "timeouts": false
    },
    "blue": {
        "name": "staff_SlugBrain",
        "win": true,
        "tie": false,
        "loss": false,
        "time": 2.3554117679595947,
        "time_warnings": 0,
        "crash": false,
        "timeouts": false
    }
}
