{
    "layout": "RANDOM1636621195",
    "score": -16,
    "time": 5.6286461353302,
    "red": {
        "name": "_dummy",
        "win": false,
        "tie": false,
        "loss": true,
        "time": 2.4731216430664062,
        "time_warnings": 0,
        "crash": false,
        "timeouts": false
    },
    "blue": {
        "name": "staff_SlugBrain",
        "win": true,
        "tie": false,
        "loss": false,
        "time": 3.155524492263794,
        "time_warnings": 0,
        "crash": false,
        "timeouts": false
    }
}
