{
    "layout": "defaultCapture",
    "score": -18,
    "time": 3.729241132736206,
    "red": {
        "name": "_dummy",
        "win": false,
        "tie": false,
        "loss": true,
        "time": 1.6629269123077393,
        "time_warnings": 0,
        "crash": false,
        "timeouts": false
    },
    "blue": {
        "name": "staff_SlugBrain",
        "win": true,
        "tie": false,
        "loss": false,
        "time": 2.066314220428467,
        "time_warnings": 0,
        "crash": false,
        "timeouts": false
    }
}
