{
    "layout": "RANDOM1027089588",
    "score": -3,
    "time": 3.548133373260498,
    "red": {
        "name": "_baseline",
        "win": false,
        "tie": false,
        "loss": true,
        "time": 1.612989902496338,
        "time_warnings": 0,
        "crash": false,
        "timeouts": false
    },
    "blue": {
        "name": "staff_SlugTrap",
        "win": true,
        "tie": false,
        "loss": false,
        "time": 1.9351434707641602,
        "time_warnings": 0,
        "crash": false,
        "timeouts": false
    }
}
