{
    "layout": "RANDOM3872154523",
    "score": -8,
    "time": 5.910458326339722,
    "red": {
        "name": "_baseline",
        "win": false,
        "tie": false,
        "loss": true,
        "time": 2.596198081970215,
        "time_warnings": 0,
        "crash": false,
        "timeouts": false
    },
    "blue": {
        "name": "staff_SlugTrap",
        "win": true,
        "tie": false,
        "loss": false,
        "time": 3.314260244369507,
        "time_warnings": 0,
        "crash": false,
        "timeouts": false
    }
}
