{
    "layout": "RANDOM4113894428",
    "score": -4,
    "time": 6.535500764846802,
    "red": {
        "name": "_baseline",
        "win": false,
        "tie": false,
        "loss": true,
        "time": 2.2619435787200928,
        "time_warnings": 0,
        "crash": false,
        "timeouts": false
    },
    "blue": {
        "name": "staff_SlugTrap",
        "win": true,
        "tie": false,
        "loss": false,
        "time": 4.273557186126709,
        "time_warnings": 0,
        "crash": false,
        "timeouts": false
    }
}
