{
    "layout": "RANDOM1550719321",
    "score": -3,
    "time": 7.38355278968811,
    "red": {
        "name": "_baseline",
        "win": false,
        "tie": false,
        "loss": true,
        "time": 2.9773213863372803,
        "time_warnings": 0,
        "crash": false,
        "timeouts": false
    },
    "blue": {
        "name": "staff_SlugTrap",
        "win": true,
        "tie": false,
        "loss": false,
        "time": 4.40623140335083,
        "time_warnings": 0,
        "crash": false,
        "timeouts": false
    }
}
