{
    "layout": "defaultCapture",
    "score": -6,
    "time": 4.664403915405273,
    "red": {
        "name": "_baseline",
        "win": false,
        "tie": false,
        "loss": true,
        "time": 1.5105845928192139,
        "time_warnings": 0,
        "crash": false,
        "timeouts": false
    },
    "blue": {
        "name": "staff_SlugTrap",
        "win": true,
        "tie": false,
        "loss": false,
        "time": 3.1538193225860596,
        "time_warnings": 0,
        "crash": false,
        "timeouts": false
    }
}
