{
    "layout": "RANDOM3179877662",
    "score": -3,
    "time": 5.241007328033447,
    "red": {
        "name": "_baseline",
        "win": false,
        "tie": false,
        "loss": true,
        "time": 2.601543664932251,
        "time_warnings": 0,
        "crash": false,
        "timeouts": false
    },
    "blue": {
        "name": "staff_SlugTrap",
        "win": true,
        "tie": false,
        "loss": false,
        "time": 2.6394636631011963,
        "time_warnings": 0,
        "crash": false,
        "timeouts": false
    }
}
