{
    "layout": "defaultCapture",
    "score": 6,
    "time": 9.073885202407837,
    "red": {
        "name": "_baseline",
        "win": true,
        "tie": false,
        "loss": false,
        "time": 2.0479395389556885,
        "time_warnings": 0,
        "crash": false,
        "timeouts": false
    },
    "blue": {
        "name": "staff_SlugTrap",
        "win": false,
        "tie": false,
        "loss": true,
        "time": 7.025945663452148,
        "time_warnings": 0,
        "crash": false,
        "timeouts": false
    }
}
