{
    "layout": "RANDOM2773665297",
    "score": -5,
    "time": 6.288471460342407,
    "red": {
        "name": "_baseline",
        "win": false,
        "tie": false,
        "loss": true,
        "time": 2.3764920234680176,
        "time_warnings": 0,
        "crash": false,
        "timeouts": false
    },
    "blue": {
        "name": "staff_SlugTrap",
        "win": true,
        "tie": false,
        "loss": false,
        "time": 3.9119794368743896,
        "time_warnings": 0,
        "crash": false,
        "timeouts": false
    }
}
