{
    "layout": "RANDOM1071559556",
    "score": -2,
    "time": 10.4866943359375,
    "red": {
        "name": "_baseline",
        "win": false,
        "tie": false,
        "loss": true,
        "time": 3.5028908252716064,
        "time_warnings": 0,
        "crash": false,
        "timeouts": false
    },
    "blue": {
        "name": "staff_SlugTrap",
        "win": true,
        "tie": false,
        "loss": false,
        "time": 6.9838035106658936,
        "time_warnings": 0,
        "crash": false,
        "timeouts": false
    }
}
