{
    "layout": "RANDOM441902159",
    "score": 5,
    "time": 6.2576212882995605,
    "red": {
        "name": "_baseline",
        "win": true,
        "tie": false,
        "loss": false,
        "time": 2.234265089035034,
        "time_warnings": 0,
        "crash": false,
        "timeouts": false
    },
    "blue": {
        "name": "staff_SlugTrap",
        "win": false,
        "tie": false,
        "loss": true,
        "time": 4.023356199264526,
        "time_warnings": 0,
        "crash": false,
        "timeouts": false
    }
}
