{
    "layout": "defaultCapture",
    "score": 4,
    "time": 3.9090328216552734,
    "red": {
        "name": "_baseline",
        "win": true,
        "tie": false,
        "loss": false,
        "time": 1.4597718715667725,
        "time_warnings": 0,
        "crash": false,
        "timeouts": false
    },
    "blue": {
        "name": "staff_SlugTrap",
        "win": false,
        "tie": false,
        "loss": true,
        "time": 2.449260950088501,
        "time_warnings": 0,
        "crash": false,
        "timeouts": false
    }
}
