{
    "layout": "defaultCapture",
    "score": -1,
    "time": 4.2880871295928955,
    "red": {
        "name": "_baseline",
        "win": false,
        "tie": false,
        "loss": true,
        "time": 1.9062812328338623,
        "time_warnings": 0,
        "crash": false,
        "timeouts": false
    },
    "blue": {
        "name": "staff_SlugBrain",
        "win": true,
        "tie": false,
        "loss": false,
        "time": 2.381805896759033,
        "time_warnings": 0,
        "crash": false,
        "timeouts": false
    }
}
