{
    "layout": "RANDOM63940001",
    "score": -6,
    "time": 8.239663124084473,
    "red": {
        "name": "_baseline",
        "win": false,
        "tie": false,
        "loss": true,
        "time": 3.3646936416625977,
        "time_warnings": 0,
        "crash": false,
        "timeouts": false
    },
    "blue": {
        "name": "staff_SlugBrain",
        "win": true,
        "tie": false,
        "loss": false,
        "time": 4.874969482421875,
        "time_warnings": 0,
        "crash": false,
        "timeouts": false
    }
}
