{
    "layout": "RANDOM2707386765",
    "score": -5,
    "time": 8.128101825714111,
    "red": {
        "name": "_baseline",
        "win": false,
        "tie": false,
        "loss": true,
        "time": 4.046390771865845,
        "time_warnings": 0,
        "crash": false,
        "timeouts": false
    },
    "blue": {
        "name": "staff_SlugBrain",
        "win": true,
        "tie": false,
        "loss": false,
        "time": 4.081711053848267,
        "time_warnings": 0,
        "crash": false,
        "timeouts": false
    }
}
