{
    "layout": "RANDOM3827618635",
    "score": -4,
    "time": 7.320852518081665,
    "red": {
        "name": "_baseline",
        "win": false,
        "tie": false,
        "loss": true,
        "time": 3.6316983699798584,
        "time_warnings": 0,
        "crash": false,
        "timeouts": false
    },
    "blue": {
        "name": "staff_SlugBrain",
        "win": true,
        "tie": false,
        "loss": false,
        "time": 3.6891541481018066,
        "time_warnings": 0,
        "crash": false,
        "timeouts": false
    }
}
