{
    "layout": "defaultCapture",
    "score": -10,
    "time": 3.916625738143921,
    "red": {
        "name": "_baseline",
        "win": false,
        "tie": false,
        "loss": true,
        "time": 1.7323675155639648,
        "time_warnings": 0,
        "crash": false,
        "timeouts": false
    },
    "blue": {
        "name": "staff_SlugBrain",
        "win": true,
        "tie": false,
        "loss": false,
        "time": 2.184258222579956,
        "time_warnings": 0,
        "crash": false,
        "timeouts": false
    }
}
