{
    "layout": "RANDOM2321153647",
    "score": -4,
    "time": 8.498331069946289,
    "red": {
        "name": "_baseline",
        "win": false,
        "tie": false,
        "loss": true,
        "time": 3.6026980876922607,
        "time_warnings": 0,
        "crash": false,
        "timeouts": false
    },
    "blue": {
        "name": "staff_SlugBrain",
        "win": true,
        "tie": false,
        "loss": false,
        "time": 4.895632982254028,
        "time_warnings": 0,
        "crash": false,
        "timeouts": false
    }
}
