{
    "layout": "defaultCapture",
    "score": 2,
    "time": 5.2757651805877686,
    "red": {
        "name": "_baseline",
        "win": true,
        "tie": false,
        "loss": false,
        "time": 1.9687602519989014,
        "time_warnings": 0,
        "crash": false,
        "timeouts": false
    },
    "blue": {
        "name": "staff_SlugBrain",
        "win": false,
        "tie": false,
        "loss": true,
        "time": 3.307004928588867,
        "time_warnings": 0,
        "crash": false,
        "timeouts": false
    }
}
