{
    "layout": "RANDOM603293484",
    "score": -6,
    "time": 10.544357299804688,
    "red": {
        "name": "_baseline",
        "win": false,
        "tie": false,
        "loss": true,
        "time": 4.734044313430786,
        "time_warnings": 0,
        "crash": false,
        "timeouts": false
    },
    "blue": {
        "name": "staff_SlugBrain",
        "win": true,
        "tie": false,
        "loss": false,
        "time": 5.810312986373901,
        "time_warnings": 0,
        "crash": false,
        "timeouts": false
    }
}
