{
    "layout": "RANDOM697999213",
    "score": -5,
    "time": 9.683381795883179,
    "red": {
        "name": "_baseline",
        "win": false,
        "tie": false,
        "loss": true,
        "time": 4.748739957809448,
        "time_warnings": 0,
        "crash": false,
        "timeouts": false
    },
    "blue": {
        "name": "staff_SlugBrain",
        "win": true,
        "tie": false,
        "loss": false,
        "time": 4.9346418380737305,
        "time_warnings": 0,
        "crash": false,
        "timeouts": false
    }
}
