{
    "layout": "RANDOM3184227472",
    "score": 3,
    "time": 37.34839391708374,
    "red": {
        "name": "staff_SomeSlug",
        "win": true,
        "tie": false,
        "loss": false,
        "time": 34.23655700683594,
        "time_warnings": 0,
        "crash": false,
        "timeouts": false
    },
    "blue": {
        "name": "staff_SlugBrain",
        "win": false,
        "tie": false,
        "loss": true,
        "time": 3.1118369102478027,
        "time_warnings": 0,
        "crash": false,
        "timeouts": false
    }
}
