{
    "layout": "RANDOM3188174841",
    "score": 5,
    "time": 42.36174011230469,
    "red": {
        "name": "staff_SomeSlug",
        "win": true,
        "tie": false,
        "loss": false,
        "time": 37.00622272491455,
        "time_warnings": 0,
        "crash": false,
        "timeouts": false
    },
    "blue": {
        "name": "staff_SlugBrain",
        "win": false,
        "tie": false,
        "loss": true,
        "time": 5.355517387390137,
        "time_warnings": 0,
        "crash": false,
        "timeouts": false
    }
}
