{
    "layout": "RANDOM3978069161",
    "score": 2,
    "time": 24.818847179412842,
    "red": {
        "name": "staff_SomeSlug",
        "win": true,
        "tie": false,
        "loss": false,
        "time": 21.470893621444702,
        "time_warnings": 0,
        "crash": false,
        "timeouts": false
    },
    "blue": {
        "name": "staff_SlugBrain",
        "win": false,
        "tie": false,
        "loss": true,
        "time": 3.3479535579681396,
        "time_warnings": 0,
        "crash": false,
        "timeouts": false
    }
}
