{
    "layout": "RANDOM722026846",
    "score": 1,
    "time": 40.897127628326416,
    "red": {
        "name": "staff_SomeSlug",
        "win": true,
        "tie": false,
        "loss": false,
        "time": 37.231576681137085,
        "time_warnings": 0,
        "crash": false,
        "timeouts": false
    },
    "blue": {
        "name": "staff_SlugBrain",
        "win": false,
        "tie": false,
        "loss": true,
        "time": 3.665550947189331,
        "time_warnings": 0,
        "crash": false,
        "timeouts": false
    }
}
