{
    "layout": "defaultCapture",
    "score": -1,
    "time": 20.395168781280518,
    "red": {
        "name": "staff_SomeSlug",
        "win": false,
        "tie": false,
        "loss": true,
        "time": 18.488283395767212,
        "time_warnings": 0,
        "crash": false,
        "timeouts": false
    },
    "blue": {
        "name": "staff_SlugBrain",
        "win": true,
        "tie": false,
        "loss": false,
        "time": 1.9068853855133057,
        "time_warnings": 0,
        "crash": false,
        "timeouts": false
    }
}
