{
    "layout": "defaultCapture",
    "score": -1,
    "time": 24.01044225692749,
    "red": {
        "name": "staff_SomeSlug",
        "win": false,
        "tie": false,
        "loss": true,
        "time": 21.685827493667603,
        "time_warnings": 0,
        "crash": false,
        "timeouts": false
    },
    "blue": {
        "name": "staff_SlugBrain",
        "win": true,
        "tie": false,
        "loss": false,
        "time": 2.3246147632598877,
        "time_warnings": 0,
        "crash": false,
        "timeouts": false
    }
}
