{
    "layout": "RANDOM3652942975",
    "score": 3,
    "time": 29.22350025177002,
    "red": {
        "name": "staff_SomeSlug",
        "win": true,
        "tie": false,
        "loss": false,
        "time": 25.583770036697388,
        "time_warnings": 0,
        "crash": false,
        "timeouts": false
    },
    "blue": {
        "name": "staff_SlugBrain",
        "win": false,
        "tie": false,
        "loss": true,
        "time": 3.639730215072632,
        "time_warnings": 0,
        "crash": false,
        "timeouts": false
    }
}
