{
    "layout": "RANDOM562523951",
    "score": 2,
    "time": 34.41410708427429,
    "red": {
        "name": "staff_SomeSlug",
        "win": true,
        "tie": false,
        "loss": false,
        "time": 30.406543254852295,
        "time_warnings": 0,
        "crash": false,
        "timeouts": false
    },
    "blue": {
        "name": "staff_SlugBrain",
        "win": false,
        "tie": false,
        "loss": true,
        "time": 4.007563829421997,
        "time_warnings": 0,
        "crash": false,
        "timeouts": false
    }
}
