{
    "layout": "defaultCapture",
    "score": -1,
    "time": 22.19349718093872,
    "red": {
        "name": "staff_SomeSlug",
        "win": false,
        "tie": false,
        "loss": true,
        "time": 20.19862198829651,
        "time_warnings": 0,
        "crash": false,
        "timeouts": false
    },
    "blue": {
        "name": "staff_SlugBrain",
        "win": true,
        "tie": false,
        "loss": false,
        "time": 1.994875192642212,
        "time_warnings": 0,
        "crash": false,
        "timeouts": false
    }
}
