{
    "layout": "RANDOM3306298894",
    "score": 1,
    "time": 25.34593415260315,
    "red": {
        "name": "staff_SomeSlug",
        "win": true,
        "tie": false,
        "loss": false,
        "time": 22.34560203552246,
        "time_warnings": 0,
        "crash": false,
        "timeouts": false
    },
    "blue": {
        "name": "staff_SlugBrain",
        "win": false,
        "tie": false,
        "loss": true,
        "time": 3.0003321170806885,
        "time_warnings": 0,
        "crash": false,
        "timeouts": false
    }
}
