{
    "layout": "defaultCapture",
    "score": -1,
    "time": 20.762639045715332,
    "red": {
        "name": "staff_SomeSlug",
        "win": false,
        "tie": false,
        "loss": true,
        "time": 18.992520332336426,
        "time_warnings": 0,
        "crash": false,
        "timeouts": false
    },
    "blue": {
        "name": "staff_SlugBrain",
        "win": true,
        "tie": false,
        "loss": false,
        "time": 1.7701187133789062,
        "time_warnings": 0,
        "crash": false,
        "timeouts": false
    }
}
