{
    "layout": "RANDOM2270331110",
    "score": -16,
    "time": 4.263955116271973,
    "red": {
        "name": "_dummy",
        "win": false,
        "tie": false,
        "loss": true,
        "time": 2.001687526702881,
        "time_warnings": 0,
        "crash": false,
        "timeouts": false
    },
    "blue": {
        "name": "_baseline",
        "win": true,
        "tie": false,
        "loss": false,
        "time": 2.262267589569092,
        "time_warnings": 0,
        "crash": false,
        "timeouts": false
    }
}
