{
    "layout": "defaultCapture",
    "score": -18,
    "time": 3.379971981048584,
    "red": {
        "name": "_dummy",
        "win": false,
        "tie": false,
        "loss": true,
        "time": 1.5136394500732422,
        "time_warnings": 0,
        "crash": false,
        "timeouts": false
    },
    "blue": {
        "name": "_baseline",
        "win": true,
        "tie": false,
        "loss": false,
        "time": 1.8663325309753418,
        "time_warnings": 0,
        "crash": false,
        "timeouts": false
    }
}
