{
    "layout": "RANDOM1128672826",
    "score": -16,
    "time": 6.230149030685425,
    "red": {
        "name": "_dummy",
        "win": false,
        "tie": false,
        "loss": true,
        "time": 3.1914925575256348,
        "time_warnings": 0,
        "crash": false,
        "timeouts": false
    },
    "blue": {
        "name": "_baseline",
        "win": true,
        "tie": false,
        "loss": false,
        "time": 3.03865647315979,
        "time_warnings": 0,
        "crash": false,
        "timeouts": false
    }
}
