{
    "layout": "defaultCapture",
    "score": -18,
    "time": 3.184044599533081,
    "red": {
        "name": "_dummy",
        "win": false,
        "tie": false,
        "loss": true,
        "time": 1.4356436729431152,
        "time_warnings": 0,
        "crash": false,
        "timeouts": false
    },
    "blue": {
        "name": "_baseline",
        "win": true,
        "tie": false,
        "loss": false,
        "time": 1.7484009265899658,
        "time_warnings": 0,
        "crash": false,
        "timeouts": false
    }
}
