{
    "layout": "RANDOM2395630848",
    "score": -16,
    "time": 6.161178827285767,
    "red": {
        "name": "_dummy",
        "win": false,
        "tie": false,
        "loss": true,
        "time": 3.079835891723633,
        "time_warnings": 0,
        "crash": false,
        "timeouts": false
    },
    "blue": {
        "name": "_baseline",
        "win": true,
        "tie": false,
        "loss": false,
        "time": 3.081342935562134,
        "time_warnings": 0,
        "crash": false,
        "timeouts": false
    }
}
