{
    "layout": "defaultCapture",
    "score": -18,
    "time": 3.199434757232666,
    "red": {
        "name": "_dummy",
        "win": false,
        "tie": false,
        "loss": true,
        "time": 1.3036301136016846,
        "time_warnings": 0,
        "crash": false,
        "timeouts": false
    },
    "blue": {
        "name": "_baseline",
        "win": true,
        "tie": false,
        "loss": false,
        "time": 1.8958046436309814,
        "time_warnings": 0,
        "crash": false,
        "timeouts": false
    }
}
