{
    "layout": "RANDOM349280476",
    "score": -16,
    "time": 6.514890909194946,
    "red": {
        "name": "_dummy",
        "win": false,
        "tie": false,
        "loss": true,
        "time": 2.846452236175537,
        "time_warnings": 0,
        "crash": false,
        "timeouts": false
    },
    "blue": {
        "name": "_baseline",
        "win": true,
        "tie": false,
        "loss": false,
        "time": 3.668438673019409,
        "time_warnings": 0,
        "crash": false,
        "timeouts": false
    }
}
