{
    "layout": "RANDOM3761106346",
    "score": -16,
    "time": 4.135737657546997,
    "red": {
        "name": "_dummy",
        "win": false,
        "tie": false,
        "loss": true,
        "time": 1.892331838607788,
        "time_warnings": 0,
        "crash": false,
        "timeouts": false
    },
    "blue": {
        "name": "_baseline",
        "win": true,
        "tie": false,
        "loss": false,
        "time": 2.243405818939209,
        "time_warnings": 0,
        "crash": false,
        "timeouts": false
    }
}
