{
    "layout": "RANDOM1268858562",
    "score": -16,
    "time": 7.201600790023804,
    "red": {
        "name": "_dummy",
        "win": false,
        "tie": false,
        "loss": true,
        "time": 3.2414321899414062,
        "time_warnings": 0,
        "crash": false,
        "timeouts": false
    },
    "blue": {
        "name": "_baseline",
        "win": true,
        "tie": false,
        "loss": false,
        "time": 3.9601686000823975,
        "time_warnings": 0,
        "crash": false,
        "timeouts": false
    }
}
