{
    "layout": "RANDOM1187137713",
    "score": -16,
    "time": 4.1686928272247314,
    "red": {
        "name": "_dummy",
        "win": false,
        "tie": false,
        "loss": true,
        "time": 1.979914665222168,
        "time_warnings": 0,
        "crash": false,
        "timeouts": false
    },
    "blue": {
        "name": "_baseline",
        "win": true,
        "tie": false,
        "loss": false,
        "time": 2.1887781620025635,
        "time_warnings": 0,
        "crash": false,
        "timeouts": false
    }
}
