{
    "layout": "defaultCapture",
    "score": -18,
    "time": 3.7328336238861084,
    "red": {
        "name": "_dummy",
        "win": false,
        "tie": false,
        "loss": true,
        "time": 1.8953874111175537,
        "time_warnings": 0,
        "crash": false,
        "timeouts": false
    },
    "blue": {
        "name": "_baseline",
        "win": true,
        "tie": false,
        "loss": false,
        "time": 1.8374462127685547,
        "time_warnings": 0,
        "crash": false,
        "timeouts": false
    }
}
