{
    "layout": "RANDOM1356212460",
    "score": -16,
    "time": 4.939374685287476,
    "red": {
        "name": "_dummy",
        "win": false,
        "tie": false,
        "loss": true,
        "time": 2.072740316390991,
        "time_warnings": 0,
        "crash": false,
        "timeouts": false
    },
    "blue": {
        "name": "_baseline",
        "win": true,
        "tie": false,
        "loss": false,
        "time": 2.8666343688964844,
        "time_warnings": 0,
        "crash": false,
        "timeouts": false
    }
}
