{
    "layout": "RANDOM2199883268",
    "score": -16,
    "time": 4.955819368362427,
    "red": {
        "name": "_dummy",
        "win": false,
        "tie": false,
        "loss": true,
        "time": 2.36922550201416,
        "time_warnings": 0,
        "crash": false,
        "timeouts": false
    },
    "blue": {
        "name": "_baseline",
        "win": true,
        "tie": false,
        "loss": false,
        "time": 2.5865938663482666,
        "time_warnings": 0,
        "crash": false,
        "timeouts": false
    }
}
