{
    "layout": "RANDOM2077357137",
    "score": 16,
    "time": 3.998208522796631,
    "red": {
        "name": "_baseline",
        "win": true,
        "tie": false,
        "loss": false,
        "time": 2.1638474464416504,
        "time_warnings": 0,
        "crash": false,
        "timeouts": false
    },
    "blue": {
        "name": "_dummy",
        "win": false,
        "tie": false,
        "loss": true,
        "time": 1.8343610763549805,
        "time_warnings": 0,
        "crash": false,
        "timeouts": false
    }
}
