{
    "layout": "defaultCapture",
    "score": 18,
    "time": 2.800402879714966,
    "red": {
        "name": "_baseline",
        "win": true,
        "tie": false,
        "loss": false,
        "time": 1.501389980316162,
        "time_warnings": 0,
        "crash": false,
        "timeouts": false
    },
    "blue": {
        "name": "_dummy",
        "win": false,
        "tie": false,
        "loss": true,
        "time": 1.2990128993988037,
        "time_warnings": 0,
        "crash": false,
        "timeouts": false
    }
}
