{
    "layout": "RANDOM3819960699",
    "score": 16,
    "time": 4.260249376296997,
    "red": {
        "name": "_baseline",
        "win": true,
        "tie": false,
        "loss": false,
        "time": 2.262547016143799,
        "time_warnings": 0,
        "crash": false,
        "timeouts": false
    },
    "blue": {
        "name": "_dummy",
        "win": false,
        "tie": false,
        "loss": true,
        "time": 1.9977023601531982,
        "time_warnings": 0,
        "crash": false,
        "timeouts": false
    }
}
