{
    "layout": "RANDOM36640542",
    "score": 16,
    "time": 6.77630090713501,
    "red": {
        "name": "_baseline",
        "win": true,
        "tie": false,
        "loss": false,
        "time": 3.732208251953125,
        "time_warnings": 0,
        "crash": false,
        "timeouts": false
    },
    "blue": {
        "name": "_dummy",
        "win": false,
        "tie": false,
        "loss": true,
        "time": 3.0440926551818848,
        "time_warnings": 0,
        "crash": false,
        "timeouts": false
    }
}
