{
    "layout": "defaultCapture",
    "score": 18,
    "time": 4.1575706005096436,
    "red": {
        "name": "_baseline",
        "win": true,
        "tie": false,
        "loss": false,
        "time": 2.2237606048583984,
        "time_warnings": 0,
        "crash": false,
        "timeouts": false
    },
    "blue": {
        "name": "_dummy",
        "win": false,
        "tie": false,
        "loss": true,
        "time": 1.9338099956512451,
        "time_warnings": 0,
        "crash": false,
        "timeouts": false
    }
}
