{
    "layout": "RANDOM809840330",
    "score": 16,
    "time": 5.397463083267212,
    "red": {
        "name": "_baseline",
        "win": true,
        "tie": false,
        "loss": false,
        "time": 2.671312093734741,
        "time_warnings": 0,
        "crash": false,
        "timeouts": false
    },
    "blue": {
        "name": "_dummy",
        "win": false,
        "tie": false,
        "loss": true,
        "time": 2.7261509895324707,
        "time_warnings": 0,
        "crash": false,
        "timeouts": false
    }
}
