{
    "layout": "defaultCapture",
    "score": 18,
    "time": 2.6289844512939453,
    "red": {
        "name": "_baseline",
        "win": true,
        "tie": false,
        "loss": false,
        "time": 1.4354791641235352,
        "time_warnings": 0,
        "crash": false,
        "timeouts": false
    },
    "blue": {
        "name": "_dummy",
        "win": false,
        "tie": false,
        "loss": true,
        "time": 1.1935052871704102,
        "time_warnings": 0,
        "crash": false,
        "timeouts": false
    }
}
