{
    "layout": "RANDOM2253063317",
    "score": 16,
    "time": 4.032350301742554,
    "red": {
        "name": "_baseline",
        "win": true,
        "tie": false,
        "loss": false,
        "time": 2.1457815170288086,
        "time_warnings": 0,
        "crash": false,
        "timeouts": false
    },
    "blue": {
        "name": "_dummy",
        "win": false,
        "tie": false,
        "loss": true,
        "time": 1.8865687847137451,
        "time_warnings": 0,
        "crash": false,
        "timeouts": false
    }
}
