{
    "layout": "RANDOM1455082344",
    "score": 16,
    "time": 3.060034990310669,
    "red": {
        "name": "_baseline",
        "win": true,
        "tie": false,
        "loss": false,
        "time": 1.6995508670806885,
        "time_warnings": 0,
        "crash": false,
        "timeouts": false
    },
    "blue": {
        "name": "_dummy",
        "win": false,
        "tie": false,
        "loss": true,
        "time": 1.3604841232299805,
        "time_warnings": 0,
        "crash": false,
        "timeouts": false
    }
}
