{
    "layout": "defaultCapture",
    "score": 18,
    "time": 3.0158495903015137,
    "red": {
        "name": "_baseline",
        "win": true,
        "tie": false,
        "loss": false,
        "time": 1.638702154159546,
        "time_warnings": 0,
        "crash": false,
        "timeouts": false
    },
    "blue": {
        "name": "_dummy",
        "win": false,
        "tie": false,
        "loss": true,
        "time": 1.3771474361419678,
        "time_warnings": 0,
        "crash": false,
        "timeouts": false
    }
}
