{
    "layout": "RANDOM850692516",
    "score": 16,
    "time": 4.813605308532715,
    "red": {
        "name": "_baseline",
        "win": true,
        "tie": false,
        "loss": false,
        "time": 2.61116623878479,
        "time_warnings": 0,
        "crash": false,
        "timeouts": false
    },
    "blue": {
        "name": "_dummy",
        "win": false,
        "tie": false,
        "loss": true,
        "time": 2.202439069747925,
        "time_warnings": 0,
        "crash": false,
        "timeouts": false
    }
}
