{
    "layout": "defaultCapture",
    "score": 18,
    "time": 2.7750403881073,
    "red": {
        "name": "_baseline",
        "win": true,
        "tie": false,
        "loss": false,
        "time": 1.5065789222717285,
        "time_warnings": 0,
        "crash": false,
        "timeouts": false
    },
    "blue": {
        "name": "_dummy",
        "win": false,
        "tie": false,
        "loss": true,
        "time": 1.2684614658355713,
        "time_warnings": 0,
        "crash": false,
        "timeouts": false
    }
}
