{
    "layout": "RANDOM1825131594",
    "score": 16,
    "time": 4.846256971359253,
    "red": {
        "name": "_baseline",
        "win": true,
        "tie": false,
        "loss": false,
        "time": 2.7155048847198486,
        "time_warnings": 0,
        "crash": false,
        "timeouts": false
    },
    "blue": {
        "name": "_dummy",
        "win": false,
        "tie": false,
        "loss": true,
        "time": 2.1307520866394043,
        "time_warnings": 0,
        "crash": false,
        "timeouts": false
    }
}
