{
    "layout": "defaultCapture",
    "score": 10,
    "time": 4.197828769683838,
    "red": {
        "name": "_teamTA_w17",
        "win": true,
        "tie": false,
        "loss": false,
        "time": 2.2461061477661133,
        "time_warnings": 0,
        "crash": false,
        "timeouts": false
    },
    "blue": {
        "name": "_baseline",
        "win": false,
        "tie": false,
        "loss": true,
        "time": 1.9517226219177246,
        "time_warnings": 0,
        "crash": false,
        "timeouts": false
    }
}
