{
    "layout": "defaultCapture",
    "score": 6,
    "time": 5.275418281555176,
    "red": {
        "name": "_teamTA_w17",
        "win": true,
        "tie": false,
        "loss": false,
        "time": 3.251171827316284,
        "time_warnings": 0,
        "crash": false,
        "timeouts": false
    },
    "blue": {
        "name": "_baseline",
        "win": false,
        "tie": false,
        "loss": true,
        "time": 2.0242464542388916,
        "time_warnings": 0,
        "crash": false,
        "timeouts": false
    }
}
