{
    "layout": "RANDOM1586283189",
    "score": 3,
    "time": 8.228600025177002,
    "red": {
        "name": "_teamTA_w17",
        "win": true,
        "tie": false,
        "loss": false,
        "time": 5.107564687728882,
        "time_warnings": 0,
        "crash": false,
        "timeouts": false
    },
    "blue": {
        "name": "_baseline",
        "win": false,
        "tie": false,
        "loss": true,
        "time": 3.12103533744812,
        "time_warnings": 0,
        "crash": false,
        "timeouts": false
    }
}
