{
    "layout": "RANDOM2706782841",
    "score": 6,
    "time": 8.12794804573059,
    "red": {
        "name": "_teamTA_w17",
        "win": true,
        "tie": false,
        "loss": false,
        "time": 4.898360967636108,
        "time_warnings": 0,
        "crash": false,
        "timeouts": false
    },
    "blue": {
        "name": "_baseline",
        "win": false,
        "tie": false,
        "loss": true,
        "time": 3.2295870780944824,
        "time_warnings": 0,
        "crash": false,
        "timeouts": false
    }
}
