{
    "layout": "RANDOM2839153139",
    "score": -2,
    "time": 7.235109567642212,
    "red": {
        "name": "_teamTA_w17",
        "win": false,
        "tie": false,
        "loss": true,
        "time": 4.33132266998291,
        "time_warnings": 0,
        "crash": false,
        "timeouts": false
    },
    "blue": {
        "name": "_baseline",
        "win": true,
        "tie": false,
        "loss": false,
        "time": 2.9037868976593018,
        "time_warnings": 0,
        "crash": false,
        "timeouts": false
    }
}
