{
    "layout": "RANDOM3506952982",
    "score": 16,
    "time": 6.592885494232178,
    "red": {
        "name": "_teamTA_w17",
        "win": true,
        "tie": false,
        "loss": false,
        "time": 3.4739673137664795,
        "time_warnings": 0,
        "crash": false,
        "timeouts": false
    },
    "blue": {
        "name": "_baseline",
        "win": false,
        "tie": false,
        "loss": true,
        "time": 3.1189181804656982,
        "time_warnings": 0,
        "crash": false,
        "timeouts": false
    }
}
