{
    "layout": "defaultCapture",
    "score": 1,
    "time": 6.255816459655762,
    "red": {
        "name": "_teamTA_w17",
        "win": true,
        "tie": false,
        "loss": false,
        "time": 4.2258477210998535,
        "time_warnings": 0,
        "crash": false,
        "timeouts": false
    },
    "blue": {
        "name": "_baseline",
        "win": false,
        "tie": false,
        "loss": true,
        "time": 2.029968738555908,
        "time_warnings": 0,
        "crash": false,
        "timeouts": false
    }
}
