{
    "layout": "RANDOM972931178",
    "score": 8,
    "time": 7.257805824279785,
    "red": {
        "name": "_teamTA_w17",
        "win": true,
        "tie": false,
        "loss": false,
        "time": 3.929986000061035,
        "time_warnings": 0,
        "crash": false,
        "timeouts": false
    },
    "blue": {
        "name": "_baseline",
        "win": false,
        "tie": false,
        "loss": true,
        "time": 3.32781982421875,
        "time_warnings": 0,
        "crash": false,
        "timeouts": false
    }
}
