{
    "layout": "RANDOM1359326048",
    "score": -7,
    "time": 10.399870157241821,
    "red": {
        "name": "_teamTA_w17",
        "win": false,
        "tie": false,
        "loss": true,
        "time": 7.314066648483276,
        "time_warnings": 0,
        "crash": false,
        "timeouts": false
    },
    "blue": {
        "name": "_baseline",
        "win": true,
        "tie": false,
        "loss": false,
        "time": 3.085803508758545,
        "time_warnings": 0,
        "crash": false,
        "timeouts": false
    }
}
