{
    "layout": "RANDOM1212312540",
    "score": 5,
    "time": 8.562246322631836,
    "red": {
        "name": "_teamTA_w17",
        "win": true,
        "tie": false,
        "loss": false,
        "time": 5.19861364364624,
        "time_warnings": 0,
        "crash": false,
        "timeouts": false
    },
    "blue": {
        "name": "_baseline",
        "win": false,
        "tie": false,
        "loss": true,
        "time": 3.3636326789855957,
        "time_warnings": 0,
        "crash": false,
        "timeouts": false
    }
}
