{
    "layout": "RANDOM1311296236",
    "score": -1,
    "time": 7.326871156692505,
    "red": {
        "name": "staff_SlugTrap",
        "win": false,
        "tie": false,
        "loss": true,
        "time": 3.78767466545105,
        "time_warnings": 0,
        "crash": false,
        "timeouts": false
    },
    "blue": {
        "name": "staff_SlugBrain",
        "win": true,
        "tie": false,
        "loss": false,
        "time": 3.539196491241455,
        "time_warnings": 0,
        "crash": false,
        "timeouts": false
    }
}
