{
    "layout": "RANDOM169379688",
    "score": 1,
    "time": 7.744122743606567,
    "red": {
        "name": "staff_SlugTrap",
        "win": true,
        "tie": false,
        "loss": false,
        "time": 3.768427848815918,
        "time_warnings": 0,
        "crash": false,
        "timeouts": false
    },
    "blue": {
        "name": "staff_SlugBrain",
        "win": false,
        "tie": false,
        "loss": true,
        "time": 3.9756948947906494,
        "time_warnings": 0,
        "crash": false,
        "timeouts": false
    }
}
