{
    "layout": "RANDOM3569709259",
    "score": 1,
    "time": 7.401020050048828,
    "red": {
        "name": "staff_SlugTrap",
        "win": true,
        "tie": false,
        "loss": false,
        "time": 3.551119804382324,
        "time_warnings": 0,
        "crash": false,
        "timeouts": false
    },
    "blue": {
        "name": "staff_SlugBrain",
        "win": false,
        "tie": false,
        "loss": true,
        "time": 3.849900245666504,
        "time_warnings": 0,
        "crash": false,
        "timeouts": false
    }
}
