{
    "layout": "RANDOM3414876593",
    "score": -7,
    "time": 8.514302015304565,
    "red": {
        "name": "staff_SlugTrap",
        "win": false,
        "tie": false,
        "loss": true,
        "time": 4.5107102394104,
        "time_warnings": 0,
        "crash": false,
        "timeouts": false
    },
    "blue": {
        "name": "staff_SlugBrain",
        "win": true,
        "tie": false,
        "loss": false,
        "time": 4.003591775894165,
        "time_warnings": 0,
        "crash": false,
        "timeouts": false
    }
}
