{
    "layout": "defaultCapture",
    "score": -4,
    "time": 4.571558952331543,
    "red": {
        "name": "staff_SlugTrap",
        "win": false,
        "tie": false,
        "loss": true,
        "time": 2.319955587387085,
        "time_warnings": 0,
        "crash": false,
        "timeouts": false
    },
    "blue": {
        "name": "staff_SlugBrain",
        "win": true,
        "tie": false,
        "loss": false,
        "time": 2.251603364944458,
        "time_warnings": 0,
        "crash": false,
        "timeouts": false
    }
}
