{
    "layout": "defaultCapture",
    "score": -4,
    "time": 5.489938735961914,
    "red": {
        "name": "staff_SlugTrap",
        "win": false,
        "tie": false,
        "loss": true,
        "time": 2.6366937160491943,
        "time_warnings": 0,
        "crash": false,
        "timeouts": false
    },
    "blue": {
        "name": "staff_SlugBrain",
        "win": true,
        "tie": false,
        "loss": false,
        "time": 2.8532450199127197,
        "time_warnings": 0,
        "crash": false,
        "timeouts": false
    }
}
