{
    "layout": "RANDOM3295296328",
    "score": 4,
    "time": 9.235833168029785,
    "red": {
        "name": "staff_SlugTrap",
        "win": true,
        "tie": false,
        "loss": false,
        "time": 5.576620101928711,
        "time_warnings": 0,
        "crash": false,
        "timeouts": false
    },
    "blue": {
        "name": "staff_SlugBrain",
        "win": false,
        "tie": false,
        "loss": true,
        "time": 3.659213066101074,
        "time_warnings": 0,
        "crash": false,
        "timeouts": false
    }
}
