{
    "layout": "RANDOM1102329152",
    "score": -8,
    "time": 6.9989705085754395,
    "red": {
        "name": "staff_SlugTrap",
        "win": false,
        "tie": false,
        "loss": true,
        "time": 3.5026843547821045,
        "time_warnings": 0,
        "crash": false,
        "timeouts": false
    },
    "blue": {
        "name": "staff_SlugBrain",
        "win": true,
        "tie": false,
        "loss": false,
        "time": 3.496286153793335,
        "time_warnings": 0,
        "crash": false,
        "timeouts": false
    }
}
