{
    "layout": "defaultCapture",
    "score": -4,
    "time": 4.224758625030518,
    "red": {
        "name": "staff_SlugTrap",
        "win": false,
        "tie": false,
        "loss": true,
        "time": 2.1506967544555664,
        "time_warnings": 0,
        "crash": false,
        "timeouts": false
    },
    "blue": {
        "name": "staff_SlugBrain",
        "win": true,
        "tie": false,
        "loss": false,
        "time": 2.074061870574951,
        "time_warnings": 0,
        "crash": false,
        "timeouts": false
    }
}
