{
    "layout": "defaultCapture",
    "score": -8,
    "time": 24.651785612106323,
    "red": {
        "name": "_teamTA_w17",
        "win": false,
        "tie": false,
        "loss": true,
        "time": 2.0477545261383057,
        "time_warnings": 0,
        "crash": false,
        "timeouts": false
    },
    "blue": {
        "name": "staff_SomeSlug",
        "win": true,
        "tie": false,
        "loss": false,
        "time": 22.604031085968018,
        "time_warnings": 0,
        "crash": false,
        "timeouts": false
    }
}
