{
    "layout": "defaultCapture",
    "score": -8,
    "time": 24.253537893295288,
    "red": {
        "name": "_teamTA_w17",
        "win": false,
        "tie": false,
        "loss": true,
        "time": 2.0447094440460205,
        "time_warnings": 0,
        "crash": false,
        "timeouts": false
    },
    "blue": {
        "name": "staff_SomeSlug",
        "win": true,
        "tie": false,
        "loss": false,
        "time": 22.208828449249268,
        "time_warnings": 0,
        "crash": false,
        "timeouts": false
    }
}
