{
    "layout": "RANDOM3545595789",
    "score": -4,
    "time": 21.73156428337097,
    "red": {
        "name": "_teamTA_w17",
        "win": false,
        "tie": false,
        "loss": true,
        "time": 3.0779688358306885,
        "time_warnings": 0,
        "crash": false,
        "timeouts": false
    },
    "blue": {
        "name": "staff_SomeSlug",
        "win": true,
        "tie": false,
        "loss": false,
        "time": 18.653595447540283,
        "time_warnings": 0,
        "crash": false,
        "timeouts": false
    }
}
