{
    "layout": "RANDOM3805424139",
    "score": 2,
    "time": 24.53236746788025,
    "red": {
        "name": "_teamTA_w17",
        "win": true,
        "tie": false,
        "loss": false,
        "time": 2.94569993019104,
        "time_warnings": 0,
        "crash": false,
        "timeouts": false
    },
    "blue": {
        "name": "staff_SomeSlug",
        "win": false,
        "tie": false,
        "loss": true,
        "time": 21.58666753768921,
        "time_warnings": 0,
        "crash": false,
        "timeouts": false
    }
}
