{
    "layout": "RANDOM3517273077",
    "score": -4,
    "time": 30.731968641281128,
    "red": {
        "name": "_teamTA_w17",
        "win": false,
        "tie": false,
        "loss": true,
        "time": 3.8167312145233154,
        "time_warnings": 0,
        "crash": false,
        "timeouts": false
    },
    "blue": {
        "name": "staff_SomeSlug",
        "win": true,
        "tie": false,
        "loss": false,
        "time": 26.915237426757812,
        "time_warnings": 0,
        "crash": false,
        "timeouts": false
    }
}
