{
    "layout": "RANDOM1931728347",
    "score": -4,
    "time": 30.99244999885559,
    "red": {
        "name": "_teamTA_w17",
        "win": false,
        "tie": false,
        "loss": true,
        "time": 3.422680377960205,
        "time_warnings": 0,
        "crash": false,
        "timeouts": false
    },
    "blue": {
        "name": "staff_SomeSlug",
        "win": true,
        "tie": false,
        "loss": false,
        "time": 27.569769620895386,
        "time_warnings": 0,
        "crash": false,
        "timeouts": false
    }
}
