{
    "layout": "RANDOM3332968568",
    "score": -1,
    "time": 26.4064462184906,
    "red": {
        "name": "_teamTA_w17",
        "win": false,
        "tie": false,
        "loss": true,
        "time": 4.050442218780518,
        "time_warnings": 0,
        "crash": false,
        "timeouts": false
    },
    "blue": {
        "name": "staff_SomeSlug",
        "win": true,
        "tie": false,
        "loss": false,
        "time": 22.356003999710083,
        "time_warnings": 0,
        "crash": false,
        "timeouts": false
    }
}
