{
    "layout": "RANDOM2963468226",
    "score": -2,
    "time": 25.776718854904175,
    "red": {
        "name": "_teamTA_w17",
        "win": false,
        "tie": false,
        "loss": true,
        "time": 2.8202645778656006,
        "time_warnings": 0,
        "crash": false,
        "timeouts": false
    },
    "blue": {
        "name": "staff_SomeSlug",
        "win": true,
        "tie": false,
        "loss": false,
        "time": 22.956454277038574,
        "time_warnings": 0,
        "crash": false,
        "timeouts": false
    }
}
