{
    "layout": "RANDOM836384246",
    "score": 6,
    "time": 34.117788553237915,
    "red": {
        "name": "_teamTA_w17",
        "win": true,
        "tie": false,
        "loss": false,
        "time": 3.50071120262146,
        "time_warnings": 0,
        "crash": false,
        "timeouts": false
    },
    "blue": {
        "name": "staff_SomeSlug",
        "win": false,
        "tie": false,
        "loss": true,
        "time": 30.617077350616455,
        "time_warnings": 0,
        "crash": false,
        "timeouts": false
    }
}
