{
    "layout": "RANDOM2098569758",
    "score": -1,
    "time": 46.39011192321777,
    "red": {
        "name": "_teamTA_w17",
        "win": false,
        "tie": false,
        "loss": true,
        "time": 4.091790437698364,
        "time_warnings": 0,
        "crash": false,
        "timeouts": false
    },
    "blue": {
        "name": "staff_SomeSlug",
        "win": true,
        "tie": false,
        "loss": false,
        "time": 42.29832148551941,
        "time_warnings": 0,
        "crash": false,
        "timeouts": false
    }
}
